PISO_ALTITUDINAL,P204_NOM,RENDIMIENTO_HA_median,RENDIMIENTO_HA_std,count,heladas,ZONA
Piso 1,ACHIOTE,583.3333333333334,272.48575694095365,53,0.0,Zona Intermedia
Piso 1,AGUAJE,7500.0,4891.890963854912,438,0.0,Zona Intermedia
Piso 1,AJI,5000.0,5122.03774530757,160,0.0,Zona Intermedia
Piso 1,AJONJOLI,1600.0,0.0,15,0.0,Zona Intermedia
Piso 1,ALCACHOFA,14000.0,2019.978305103767,69,0.0,Zona de Riesgo
Piso 1,ALFALFA,30000.0,21857.23256214598,218,5.0,Zona de Riesgo
Piso 1,ALGODON,2760.0,624.6275486147841,101,0.0,Zona Intermedia
Piso 1,ALMENDRO,1000.0,0.0,68,0.0,Zona Intermedia
Piso 1,ANONA,4133.333333333334,2567.3393291949615,38,0.0,Zona Intermedia
Piso 1,ARAZA,3000.0,58.91195987944635,52,0.0,Zona Intermedia
Piso 1,ARBOL DEL PAN,8000.0,1914.4061691271695,256,0.0,Zona Intermedia
Piso 1,ARROZ CASCARA,8000.0,1805.1057186089683,3502,3.0,Zona Intermedia
Piso 1,ARVEJA GRANO VERDE,6036.053130929791,36.5645484019168,36,0.0,Zona Intermedia
Piso 1,BROCOLI,13333.333333333334,0.0,4,0.0,Zona Optima
Piso 1,CACAO,600.0,423.6922319093268,3750,14.0,Zona Intermedia
Piso 1,CAFE PERGAMINO,1111.111111111111,550.6461978865332,259,0.0,Zona Intermedia
Piso 1,CAIMITO,4500.0,1791.992780003076,247,0.0,Zona Intermedia
Piso 1,CAMOTE,10000.0,9699.187639323058,190,0.0,Zona Intermedia
Piso 1,CAMU CAMU,3614.457831325301,701.1675558351117,3,0.0,Zona Intermedia
Piso 1,CARAMBOLA,7200.0,3056.6203208622555,422,0.0,Zona Intermedia
Piso 1,CAÑA BRAVA,5454.545454545454,748.987128064636,12,0.0,Zona Intermedia
Piso 1,CAÑA DE AZUCAR PARA AZUCAR,128571.42857142858,35995.52367890255,247,0.0,Zona de Riesgo
Piso 1,CAÑA DE AZUCAR PARA CHANCACA,24000.0,0.0,9,0.0,Zona Optima
Piso 1,CAÑA DE AZUCAR PARA FRUTA,15000.0,14999.651528768025,104,0.0,Zona de Riesgo
Piso 1,CAÑA GUAYAQUIL,10000.0,13618.399188322792,176,0.0,Zona Intermedia
Piso 1,CEBOLLA CHINA,10000.0,1705.6085023111677,234,0.0,Zona Intermedia
Piso 1,CHIA,1261.8296529968454,0.0,23,0.0,Zona Intermedia
Piso 1,CHIRIMOYO,4000.000000000001,3527.356609372692,431,0.0,Zona Intermedia
Piso 1,CIDRA,10000.0,452.20258677630346,40,0.0,Zona Intermedia
Piso 1,CIROLERO,6666.666666666667,2515.7483271280303,368,0.0,Zona Intermedia
Piso 1,CIRUELA AGRIA,7500.0,2710.765918892747,457,0.0,Zona Intermedia
Piso 1,CIRUELA DEL FRAILE,6666.666666666667,1772.7903129888657,36,0.0,Zona Intermedia
Piso 1,COCA,613.3333333333334,456.48515182790055,759,0.0,Zona Intermedia
Piso 1,COCONA,4500.0,1582.310141580983,58,0.0,Zona Intermedia
Piso 1,COCOTERO,12500.0,7603.032821627189,2590,0.0,Zona de Riesgo
Piso 1,CUBE,12500.0,0.0,19,0.0,Zona Optima
Piso 1,CULANTRO,9000.0,664.1505028312173,73,0.0,Zona Intermedia
Piso 1,ESPARRAGO,3500.0,1078.5790411344224,83,0.0,Zona Intermedia
Piso 1,FRESA,8333.333333333334,1721.8525437141288,58,0.0,Zona Intermedia
Piso 1,FRIJOL ALUBIA GRANO SECO,1500.0,0.0,41,0.0,Zona Intermedia
Piso 1,FRIJOL ALUBIA GRANO VERDE,3200.0,0.0,42,0.0,Zona Intermedia
Piso 1,FRIJOL BAYO GRANO SECO,1582.7338129496402,6.994458938131821,40,0.0,Zona Intermedia
Piso 1,FRIJOL BLANCO GRANO VERDE,2500.0,0.0,30,0.0,Zona Intermedia
Piso 1,FRIJOL CANARIO GRANO SECO,1000.0,0.0,20,0.0,Zona Intermedia
Piso 1,FRIJOL CAUPI GRANO SECO,1404.494382022472,331.76941800105726,46,0.0,Zona Intermedia
Piso 1,FRIJOL CAUPI GRANO VERDE,2760.0,1620.4864620567757,36,0.0,Zona Intermedia
Piso 1,FRIJOL DE PALO GRANO SECO,1533.3333333333337,180.434691481464,45,0.0,Zona Intermedia
Piso 1,FRIJOL DE PALO GRANO VERDE,4000.0,1734.287476323959,110,0.0,Zona Intermedia
Piso 1,FRIJOL HUASCA POROTO GRANO SECO,1840.0,0.0,15,0.0,Zona Intermedia
Piso 1,FRIJOL LOCTAO GRANO VERDE,1250.0,0.0,12,0.0,Zona Intermedia
Piso 1,FRIJOL PANAMITO GRANO SECO,1000.0,0.0,9,0.0,Zona Intermedia
Piso 1,GRANADO,10000.0,2122.033964385226,104,0.0,Zona Intermedia
Piso 1,GUANABANO,8000.0,3679.3559304807573,775,0.0,Zona Intermedia
Piso 1,GUAYABO,8125.0,3892.5315331905176,319,0.0,Zona Intermedia
Piso 1,HIGUERA,10000.0,2760.2622373694167,28,0.0,Zona Intermedia
Piso 1,HUMARI,3200.0,1196.615030841911,67,0.0,Zona Intermedia
Piso 1,LECHUGA,4000.0,1098.198228298465,11,0.0,Zona Intermedia
Piso 1,LENTEJA GRANO VERDE,8000.0,0.0,11,0.0,Zona Intermedia
Piso 1,LIMA,7500.0,3227.929741199263,649,0.0,Zona Intermedia
Piso 1,LIMON ACIDO,7500.0,6226.660191188617,2390,0.0,Zona Intermedia
Piso 1,LIMON DULCE,9000.0,3661.2967170209727,199,0.0,Zona Intermedia
Piso 1,LIMON RUGOSO,10000.0,5063.660971892638,105,0.0,Zona Intermedia
Piso 1,LUCUMO,8928.571428571428,4136.001908492621,207,0.0,Zona Intermedia
Piso 1,MACAMBO,7142.857142857143,0.0,14,0.0,Zona Intermedia
Piso 1,MAIZ AMARILLO DURO,8000.0,3209.627100067715,2696,0.0,Zona Intermedia
Piso 1,MAIZ AMILACEO,4545.454545454546,1699.314714377118,52,0.0,Zona Intermedia
Piso 1,MAIZ CHALA,22000.0,17582.055390478723,1020,4.0,Zona de Riesgo
Piso 1,MAIZ CHOCLO,14814.814814814816,3155.196289263755,68,0.0,Zona de Riesgo
Piso 1,MAIZ MORADO,3950.0,1078.081423155442,70,0.0,Zona Intermedia
Piso 1,MAMEY,10000.0,1406.706911512942,72,0.0,Zona Intermedia
Piso 1,MANDARINA,10000.0,6505.142492639423,657,0.0,Zona Intermedia
Piso 1,MANGO,9062.5,5062.2950090279155,2762,0.0,Zona Intermedia
Piso 1,MANI PARA FRUTA,4083.3333333333335,291.9447736912712,32,0.0,Zona Intermedia
Piso 1,MANZANO,11111.111111111111,5491.536400002642,180,0.0,Zona Intermedia
Piso 1,MARACUYA,10000.0,3666.017750672757,744,0.0,Zona Intermedia
Piso 1,MELOCOTONERO,3000.0,2288.4643247202353,29,0.0,Zona Intermedia
Piso 1,MORINGA,4000.0,0.0,8,0.0,Zona Intermedia
Piso 1,NABO,8474.57627118644,1580.0796576859777,62,0.0,Zona Intermedia
Piso 1,NARANJO,8000.0,5040.285068201932,1906,0.0,Zona Intermedia
Piso 1,NISPERO,10000.0,1282.4729401064421,19,0.0,Zona Intermedia
Piso 1,NONI,1666.6666666666667,3073.5263455342956,302,0.0,Zona Intermedia
Piso 1,OLIVO,4222.222222222223,0.0,13,0.0,Zona Intermedia
Piso 1,OREGANO,3333.333333333333,0.0,11,0.0,Zona Intermedia
Piso 1,PACAE,8000.0,3803.0646919299948,1991,12.0,Zona Intermedia
Piso 1,PALILLO,3200.0,317.37937498273624,53,0.0,Zona Intermedia
Piso 1,PALLAR GRANO SECO,1683.5016835016834,0.0,17,0.0,Zona Intermedia
Piso 1,PALTO,8333.333333333334,6008.424190177606,1609,0.0,Zona Intermedia
Piso 1,PAPAYA,10000.0,6041.834820178347,619,0.0,Zona Intermedia
Piso 1,PAPAYUELA,8000.0,0.0,22,0.0,Zona Intermedia
Piso 1,PAPRIKA,4775.2808988764045,0.0,32,0.0,Zona Intermedia
Piso 1,PASTO ANGLETON,70000.0,5985.90063311826,66,0.0,Zona de Riesgo
Piso 1,PASTO BRAQUIARIA,51538.46153846154,10885.366842561853,341,0.0,Zona de Riesgo
Piso 1,PASTO BRIZANTA,41000.0,14883.373102461648,439,0.0,Zona de Riesgo
Piso 1,PASTO CARRICILLO,48000.0,12060.453783110544,45,0.0,Zona de Riesgo
Piso 1,PASTO CHILENO,40000.0,10152.68081955174,114,0.0,Zona de Riesgo
Piso 1,PASTO CUBA VEINTIDOS,50000.0,0.0,26,0.0,Zona Optima
Piso 1,PASTO DACTYLIS,12500.0,20881.963444714613,55,0.0,Zona de Riesgo
Piso 1,PASTO ELEFANTE,71428.57142857142,34570.856293200064,608,0.0,Zona de Riesgo
Piso 1,PASTO GATEADORA,36000.0,0.0,11,0.0,Zona Optima
Piso 1,PASTO GRAMA AZUL,36000.0,8407.788596944449,11,0.0,Zona de Riesgo
Piso 1,PASTO GRAMA BLANCA,80000.0,0.0,121,0.0,Zona Optima
Piso 1,PASTO GRAMA CHILENA,41000.0,22757.677742397347,1730,0.0,Zona de Riesgo
Piso 1,PASTO GRAMALOTE,30000.0,16411.707088376148,39,0.0,Zona de Riesgo
Piso 1,PASTO MAICILLO,45000.0,0.0,68,0.0,Zona Optima
Piso 1,PASTO MARAFALFA,36000.0,0.0,30,0.0,Zona Optima
Piso 1,PASTO NATURAL MANEJADO,12000.0,1852.0960716819905,36,0.0,Zona de Riesgo
Piso 1,PASTO OLIVA,52000.0,7497.187956858147,39,0.0,Zona de Riesgo
Piso 1,PASTO PAJA LIMA,30000.0,13152.864686537512,31,0.0,Zona de Riesgo
Piso 1,PECANO,1090.9090909090908,0.0,41,0.0,Zona Intermedia
Piso 1,PERAL,6666.666666666667,0.0,42,0.0,Zona Intermedia
Piso 1,PIJUAYO FRUTA,6250.0,2863.267212242572,174,0.0,Zona Intermedia
Piso 1,PIJUAYO PALMITO,4000.0,659.5344356001652,26,0.0,Zona Intermedia
Piso 1,PITAHAYA,4500.0,1262.9202173148374,140,0.0,Zona Intermedia
Piso 1,PITUCA,10000.0,0.0,16,0.0,Zona Intermedia
Piso 1,PIÑA,16666.666666666668,5753.7651298392275,231,0.0,Zona de Riesgo
Piso 1,PLATANO,8000.0,3805.44551563674,5161,5.0,Zona Intermedia
Piso 1,POMARROSA,7500.0,2379.0546421003046,101,0.0,Zona Intermedia
Piso 1,SABILA,5750.0,0.0,18,0.0,Zona Intermedia
Piso 1,SACHACULANTRO,4000.0,395.76305915947063,27,0.0,Zona Intermedia
Piso 1,SANDIA,10000.0,15061.886685685882,144,0.0,Zona Intermedia
Piso 1,SORGO FORRAJERO,27333.33333333333,10312.22909670658,40,0.0,Zona de Riesgo
Piso 1,SOYA,500.0,0.0,11,0.0,Zona Intermedia
Piso 1,STEVIA,2400.0,0.0,5,0.0,Zona Intermedia
Piso 1,TAMARINDO,6000.0,4085.8219421884614,471,0.0,Zona Intermedia
Piso 1,TANGELO,7500.0,1251.9608975590859,181,0.0,Zona Intermedia
Piso 1,TANGERINA,4705.882352941177,0.0,7,0.0,Zona Intermedia
Piso 1,TAPERIBA,5000.0,1137.674585661543,195,0.0,Zona Intermedia
Piso 1,TARA,10000.0,294.24494316824973,22,0.0,Zona Intermedia
Piso 1,TOMATE,37500.0,2531.71497229459,67,0.0,Zona de Riesgo
Piso 1,TORONJA,9000.0,3742.830700703166,382,0.0,Zona Intermedia
Piso 1,TUMBO,3333.333333333333,0.0,11,0.0,Zona Intermedia
Piso 1,TUNA FRUTA,6000.0,0.0,35,0.0,Zona Intermedia
Piso 1,UNCUCHA,6000.0,0.0,15,0.0,Zona Intermedia
Piso 1,UVILLA,6500.0,3265.037705374944,104,0.0,Zona Intermedia
Piso 1,VAINITA,11594.202898550724,0.0,21,0.0,Zona Intermedia
Piso 1,YUCA,6857.142857142857,4933.938210847304,1143,0.0,Zona Intermedia
Piso 1,ZAPALLO,10040.0,8765.534455223726,36,0.0,Zona Intermedia
Piso 1,ZAPOTE,12500.0,5272.764835328929,483,0.0,Zona de Riesgo
Piso 1,ZARANDAJA GRANO VERDE,5000.0,576.2431727362674,30,0.0,Zona Intermedia
Piso 1,ZARZAMORA,8500.0,0.0,51,0.0,Zona Intermedia
Piso 2,ACHIOTE,1000.0,588.7633607609826,270,0.0,Zona Intermedia
Piso 2,AGUAJE,5000.0,867.7818874626242,43,0.0,Zona Intermedia
Piso 2,AJI,10066.239316239316,1450.33650245429,44,0.0,Zona Intermedia
Piso 2,ALFALFA,27906.97674418605,29950.931573246577,953,21.0,Zona de Riesgo
Piso 2,ALGODON,2500.0,0.0,12,0.0,Zona Intermedia
Piso 2,ANONA,3000.0,787.7200150465636,108,0.0,Zona Intermedia
Piso 2,ARBOL DEL PAN,1500.0,220.37727301308655,47,0.0,Zona Intermedia
Piso 2,ARRACACHA,8800.0,393.89277113386527,22,0.0,Zona Intermedia
Piso 2,ARROZ CASCARA,6504.065040650406,1770.2354790486856,13,0.0,Zona Intermedia
Piso 2,ARVEJA GRANO SECO,885.4166666666667,0.0,14,0.0,Zona Intermedia
Piso 2,ARVEJA GRANO VERDE,1800.0,0.0,7,0.0,Zona Intermedia
Piso 2,AZAFRAN,6666.666666666667,0.0,18,0.0,Zona Intermedia
Piso 2,BETARRAGA,11000.0,0.0,41,0.0,Zona Intermedia
Piso 2,CACAO,480.0,356.2342229080295,3045,0.0,Zona Intermedia
Piso 2,CAFE PERGAMINO,720.0,449.6429350032735,6036,15.0,Zona Intermedia
Piso 2,CAIMITO,10000.0,2397.31650742692,30,0.0,Zona Intermedia
Piso 2,CAMOTE,20000.0,0.0,27,0.0,Zona Optima
Piso 2,CANELA,10000.0,0.0,18,0.0,Zona Intermedia
Piso 2,CARAMBOLA,3500.0,427.4460286020235,74,0.0,Zona Intermedia
Piso 2,CAÑA DE AZUCAR PARA ALCOHOL,36571.42857142857,3209.723858323041,96,0.0,Zona de Riesgo
Piso 2,CAÑA DE AZUCAR PARA CHANCACA,48000.0,0.0,10,0.0,Zona Optima
Piso 2,CAÑA DE AZUCAR PARA FRUTA,32000.0,0.0,10,0.0,Zona Optima
Piso 2,CAÑA GUAYAQUIL,20000.0,633.8656910463862,21,0.0,Zona de Riesgo
Piso 2,CEBOLLA,12000.0,12246.087071103007,182,0.0,Zona de Riesgo
Piso 2,CHIRIMOYO,10000.0,2876.6580413792226,138,0.0,Zona Intermedia
Piso 2,CIROLERO,2000.0,467.66543163497073,74,0.0,Zona Intermedia
Piso 2,CIRUELA AGRIA,7000.0,710.8186533109109,20,0.0,Zona Intermedia
Piso 2,CIRUELA DEL FRAILE,2500.0,0.0,18,0.0,Zona Intermedia
Piso 2,COCA,552.0,262.00837450147094,1929,0.0,Zona Intermedia
Piso 2,COCONA,2000.0,2122.0623381793366,52,0.0,Zona Intermedia
Piso 2,COCOTERO,5000.0,5057.604764961543,119,0.0,Zona Intermedia
Piso 2,CUBE,12500.0,1044.4646625875853,110,0.0,Zona de Riesgo
Piso 2,FRIJOL BAYO GRANO VERDE,1840.0,223.168327869576,66,0.0,Zona Intermedia
Piso 2,FRIJOL CAUPI GRANO SECO,1333.3333333333337,287.8002766016355,48,0.0,Zona Intermedia
Piso 2,FRIJOL CHAUCHA GRANO SECO,1000.0,340.31991550218197,43,0.0,Zona Intermedia
Piso 2,FRIJOL CHAUCHA GRANO VERDE,1150.0,0.0,17,0.0,Zona Intermedia
Piso 2,FRIJOL DE PALO GRANO SECO,800.0,189.53733981203771,117,0.0,Zona Intermedia
Piso 2,FRIJOL DE PALO GRANO VERDE,1000.0,1943.8820599223577,39,0.0,Zona Intermedia
Piso 2,FRIJOL GUINDA GRANO SECO,1333.3333333333337,0.0,22,0.0,Zona Intermedia
Piso 2,FRIJOL LANTREJA GRANO VERDE,1680.0,413.14180839773854,26,0.0,Zona Intermedia
Piso 2,FRIJOL NEGRO GRANO SECO,800.0,0.0,16,0.0,Zona Intermedia
Piso 2,FRIJOL PALOMA GRANO SECO,1150.0,0.0,35,0.0,Zona Intermedia
Piso 2,FRIJOL PANAMITO GRANO SECO,1333.3333333333337,298.2239827036874,20,0.0,Zona Intermedia
Piso 2,FRIJOL PINTO GRANO SECO,666.6666666666667,0.0,8,0.0,Zona Intermedia
Piso 2,FRIJOL PINTO GRANO VERDE,1200.0,0.0,8,0.0,Zona Intermedia
Piso 2,FRIJOL RED KIDNEY GRANO SECO,842.1052631578948,72.06052066632617,21,0.0,Zona Intermedia
Piso 2,GRANADILLA,8000.0,3083.15575788523,133,0.0,Zona Intermedia
Piso 2,GRANADO,7142.857142857143,1450.0431051163919,128,0.0,Zona Intermedia
Piso 2,GUANABANO,5000.0,4011.831695435234,199,0.0,Zona Intermedia
Piso 2,GUAYABO,7500.0,2282.5032336820605,148,0.0,Zona Intermedia
Piso 2,HIGUERA,3750.0,3355.033812506724,290,0.0,Zona Intermedia
Piso 2,KION,5000.0,1350.534583774822,72,0.0,Zona Intermedia
Piso 2,LECHUGA,12000.0,0.0,41,0.0,Zona Optima
Piso 2,LIMA,8750.0,3635.2000666694025,396,0.0,Zona Intermedia
Piso 2,LIMON ACIDO,6000.0,5636.718503506835,905,0.0,Zona Intermedia
Piso 2,LIMON DULCE,8000.0,3211.4088105773703,165,0.0,Zona Intermedia
Piso 2,LIMON RUGOSO,8000.0,5120.04222709959,402,0.0,Zona Intermedia
Piso 2,LUCUMO,5000.0,2359.111322432338,190,0.0,Zona Intermedia
Piso 2,MAIZ AMARILLO DURO,2000.0,1948.741072352002,2048,0.0,Zona Intermedia
Piso 2,MAIZ AMILACEO,3703.703703703704,2005.6251367275884,213,0.0,Zona Intermedia
Piso 2,MAIZ CHALA,34305.31732418525,10934.623258481559,154,0.0,Zona de Riesgo
Piso 2,MAIZ CHOCLO,5000.0,4337.100492029912,60,0.0,Zona Intermedia
Piso 2,MAIZ MORADO,4090.9090909090905,2099.2166979883737,227,0.0,Zona Intermedia
Piso 2,MANDARINA,9000.0,6175.6997216594145,1076,0.0,Zona Intermedia
Piso 2,MANGO,9000.0,6325.826425161969,1759,0.0,Zona Intermedia
Piso 2,MANI PARA FRUTA,6557.377049180328,2868.3562091086865,48,0.0,Zona Intermedia
Piso 2,MANZANO,6250.0,6771.976421962142,265,0.0,Zona Intermedia
Piso 2,MARACUYA,5000.0,887.5454358963148,92,0.0,Zona Intermedia
Piso 2,MELOCOTONERO,8333.333333333334,2783.2219548557105,271,0.0,Zona Intermedia
Piso 2,MEMBRILLERO,5625.0,3686.7354651819383,51,0.0,Zona Intermedia
Piso 2,NARANJO,7692.307692307692,6040.262235483571,1907,0.0,Zona Intermedia
Piso 2,NISPERO,5000.0,2805.900243019612,59,0.0,Zona Intermedia
Piso 2,NONI,1500.0,2578.9257793213865,82,0.0,Zona Intermedia
Piso 2,PACAE,8000.0,4682.125124494036,2441,0.0,Zona Intermedia
Piso 2,PALILLO,2800.0,264.7108432963588,124,0.0,Zona Intermedia
Piso 2,PALTO,6060.60606060606,5522.380907870947,2447,106.0,Zona Intermedia
Piso 2,PAPA BLANCA,20000.0,3689.184185468629,103,0.0,Zona de Riesgo
Piso 2,PAPA NATIVA,8000.0,0.0,35,0.0,Zona Intermedia
Piso 2,PAPAYA,6666.666666666667,6240.109762538708,619,0.0,Zona Intermedia
Piso 2,PAPAYUELA,4000.0,1312.9759037795495,22,0.0,Zona Intermedia
Piso 2,PASTO ANGLETON,59090.90909090909,12221.105485126076,475,0.0,Zona de Riesgo
Piso 2,PASTO BRAQUIARIA,46000.0,11079.797932072579,823,0.0,Zona de Riesgo
Piso 2,PASTO BRIZANTA,46000.0,9300.583525959853,431,0.0,Zona de Riesgo
Piso 2,PASTO CARRICILLO,43750.0,0.0,25,0.0,Zona Optima
Piso 2,PASTO CHILENO,40229.88505747127,8218.321760472056,13,0.0,Zona de Riesgo
Piso 2,PASTO ELEFANTE,80000.0,29986.29339607099,1217,0.0,Zona de Riesgo
Piso 2,PASTO GRAMA AZUL,60000.0,8702.296701373816,110,0.0,Zona de Riesgo
Piso 2,PASTO GRAMA BLANCA,80000.0,16101.141453631559,190,0.0,Zona de Riesgo
Piso 2,PASTO GRAMA CHILENA,47400.0,20830.40998724262,547,0.0,Zona de Riesgo
Piso 2,PASTO GRAMA DULCE,45066.66666666666,0.0,5,0.0,Zona Optima
Piso 2,PASTO GRAMALOTE,80000.0,32040.99937619988,40,0.0,Zona de Riesgo
Piso 2,PASTO GUATEMALA,75000.0,17736.70762521367,125,0.0,Zona de Riesgo
Piso 2,PASTO KIKUYO,14000.0,488.64994724195674,28,0.0,Zona de Riesgo
Piso 2,PASTO MARAFALFA,44000.0,9081.401152935588,142,0.0,Zona de Riesgo
Piso 2,PASTO MORADO,95000.0,16086.830784810378,54,0.0,Zona de Riesgo
Piso 2,PASTO NUDILLO,54500.0,91.31659579805547,44,0.0,Zona Optima
Piso 2,PASTO OLIVA,43000.0,0.0,9,0.0,Zona Optima
Piso 2,PASTO PAJA LIMA,44000.0,11962.472770598413,128,0.0,Zona de Riesgo
Piso 2,PASTO TANZANIA,44000.0,0.0,25,0.0,Zona Optima
Piso 2,PIJUAYO PALMITO,12500.0,5026.492315720775,16,0.0,Zona de Riesgo
Piso 2,PITAHAYA,2500.0,0.0,29,0.0,Zona Intermedia
Piso 2,PITUCA,6000.0,1566.1868268091732,85,0.0,Zona Intermedia
Piso 2,PIÑA,6000.0,4427.271392459419,519,34.0,Zona Intermedia
Piso 2,PLATANO,7692.307692307692,2916.7973102440087,6350,7.0,Zona Intermedia
Piso 2,POMARROSA,3000.0,453.5573676110729,50,0.0,Zona Intermedia
Piso 2,POMELO,10256.410256410256,0.0,16,0.0,Zona Intermedia
Piso 2,ROCOTO,16000.0,0.0,10,0.0,Zona Optima
Piso 2,RYE GRASS,42000.0,0.0,14,0.0,Zona Optima
Piso 2,SACHA INCHI,666.6666666666667,0.0,16,0.0,Zona Intermedia
Piso 2,TANGELO,4285.714285714285,2585.432799254848,130,0.0,Zona Intermedia
Piso 2,TARA,1725.0,2425.7913405313943,119,0.0,Zona Intermedia
Piso 2,TOMATE,4848.484848484848,15377.81933131022,28,0.0,Zona Intermedia
Piso 2,TREBOL,40000.0,0.0,14,0.0,Zona Optima
Piso 2,TRIGO,480.0,0.0,12,0.0,Zona Intermedia
Piso 2,TUNA FRUTA,5050.50505050505,2768.565636688308,135,0.0,Zona Intermedia
Piso 2,UNCUCHA,6857.142857142857,2676.664782083523,190,0.0,Zona Intermedia
Piso 2,VAINITA,7070.707070707071,2377.497264728793,68,0.0,Zona Intermedia
Piso 2,VID,20000.0,6898.191833964159,319,0.0,Zona de Riesgo
Piso 2,YUCA,7000.0,4393.4464387084945,710,0.0,Zona Intermedia
Piso 2,ZAPOTE,10000.0,3166.2661669322,68,0.0,Zona Intermedia
Piso 3,ACHIOTE,1000.0,505.780538858873,43,0.0,Zona Intermedia
Piso 3,AJI,2000.0,0.0,25,0.0,Zona Intermedia
Piso 3,AJO,16233.766233766231,516.362254993179,42,14.0,Zona de Riesgo
Piso 3,ALBAHACA,4000.0,0.0,19,0.0,Zona Intermedia
Piso 3,ALFALFA,23691.46005509642,17894.906951040866,5616,343.0,Zona de Riesgo
Piso 3,ARRACACHA,8333.333333333334,2383.3232509212785,155,0.0,Zona Intermedia
Piso 3,ARVEJA GRANO SECO,920.0,219.9932362064799,91,13.0,Zona Intermedia
Piso 3,ARVEJA GRANO VERDE,6000.0,2761.180333423809,468,5.0,Zona Intermedia
Piso 3,AVENA FORRAJERA,12000.0,0.0,40,0.0,Zona Optima
Piso 3,AVENA GRANO,2597.402597402597,0.0,40,0.0,Zona Intermedia
Piso 3,BETARRAGA,14000.0,5141.258791866839,310,0.0,Zona de Riesgo
Piso 3,BROCOLI,11500.0,3762.674465143437,159,0.0,Zona Intermedia
Piso 3,CAFE PERGAMINO,666.6666666666666,560.8790683813309,1854,0.0,Zona Intermedia
Piso 3,CAIGUA,7800.0,0.0,33,0.0,Zona Intermedia
Piso 3,CALABAZA,6000.0,10462.219558880834,289,23.0,Zona Intermedia
Piso 3,CAMOTE,10000.0,4484.140186126745,192,0.0,Zona Intermedia
Piso 3,CAPULI,8000.0,0.0,6,0.0,Zona Intermedia
Piso 3,CAÑA DE AZUCAR PARA AZUCAR,25000.0,25627.463925329255,87,0.0,Zona de Riesgo
Piso 3,CAÑA DE AZUCAR PARA CHANCACA,49000.0,10598.600473267761,71,0.0,Zona de Riesgo
Piso 3,CAÑA DE AZUCAR PARA FRUTA,30000.0,9165.501091397578,156,0.0,Zona de Riesgo
Piso 3,CEBADA GRANO,1800.0,160.37287007136007,54,0.0,Zona Intermedia
Piso 3,CEBOLLA,7500.0,0.0,34,0.0,Zona Intermedia
Piso 3,CEBOLLA CHINA,4500.0,3076.780676536338,372,0.0,Zona Intermedia
Piso 3,CEDRON,3000.0,0.0,11,0.0,Zona Intermedia
Piso 3,CHINCHO,2000.0,0.0,32,0.0,Zona Intermedia
Piso 3,CHIRIMOYO,5000.0,3003.129762415477,1206,0.0,Zona Intermedia
Piso 3,CIRUELA DEL FRAILE,2000.0,0.0,40,0.0,Zona Intermedia
Piso 3,CLAVEL,4615.384615384615,0.0,6,0.0,Zona Intermedia
Piso 3,COL,15000.0,4118.224267115826,527,0.0,Zona de Riesgo
Piso 3,COLIFLOR,10000.0,0.0,9,0.0,Zona Intermedia
Piso 3,CRISANTEMO O POMPON,3200.0,578.0333683758304,28,0.0,Zona Intermedia
Piso 3,CULANTRO,4000.0,2187.159211109385,177,0.0,Zona Intermedia
Piso 3,ESPINACA,7500.0,5192.083728529446,497,0.0,Zona Intermedia
Piso 3,FLORES DE CORTE,6666.666666666667,0.0,37,0.0,Zona Intermedia
Piso 3,FRIJOL BAYO GRANO SECO,900.0,0.0,25,0.0,Zona Intermedia
Piso 3,FRIJOL BLANCO GRANO SECO,800.0,501.9653326571859,47,0.0,Zona Intermedia
Piso 3,FRIJOL CABALLERO GRANO SECO,1000.0,346.7349668131955,39,0.0,Zona Intermedia
Piso 3,FRIJOL CANARIO GRANO SECO,1200.0,600.3057869763593,255,0.0,Zona Intermedia
Piso 3,FRIJOL CANARIO GRANO VERDE,2272.7272727272725,0.0,11,0.0,Zona Intermedia
Piso 3,FRIJOL CHAUCHA GRANO SECO,1666.6666666666667,203.15083250384407,44,0.0,Zona Intermedia
Piso 3,FRIJOL CHAUCHA GRANO VERDE,1600.0,1941.0018587029265,55,0.0,Zona Intermedia
Piso 3,FRIJOL DE PALO GRANO VERDE,3750.0,779.1196495864855,54,0.0,Zona Intermedia
Piso 3,FRIJOL GUINDA GRANO SECO,500.0,0.0,24,0.0,Zona Intermedia
Piso 3,FRIJOL HUASCA GRANO SECO,1875.0,0.0,13,0.0,Zona Intermedia
Piso 3,FRIJOL HUASCA GRANO VERDE,1600.0,0.0,7,0.0,Zona Intermedia
Piso 3,FRIJOL HUASCA POROTO GRANO SECO,800.0,342.75760162415895,129,80.0,Zona Intermedia
Piso 3,FRIJOL LANTREJA GRANO SECO,1200.0,117.73494206305517,56,0.0,Zona Intermedia
Piso 3,FRIJOL LANTREJA GRANO VERDE,5000.0,1803.9081058199472,313,0.0,Zona Intermedia
Piso 3,FRIJOL LARAN GRANO VERDE,1800.0,0.0,9,0.0,Zona Intermedia
Piso 3,FRIJOL PALOMA GRANO SECO,2000.0,577.6944600676785,86,0.0,Zona Intermedia
Piso 3,FRIJOL PANAMITO GRANO SECO,600.0,0.0,8,0.0,Zona Intermedia
Piso 3,FRIJOL PINTO GRANO SECO,666.6666666666667,95.11165374340632,57,0.0,Zona Intermedia
Piso 3,FRIJOL PINTO GRANO VERDE,2500.0,1458.5080473123728,146,0.0,Zona Intermedia
Piso 3,FRIJOL REGIONAL GRANO SECO,1600.0,523.3808989563473,71,0.0,Zona Intermedia
Piso 3,FRIJOL SHINGUITO GRANO VERDE,2500.0,0.0,18,0.0,Zona Intermedia
Piso 3,FRIJOL TODA LA VIDA GRANO VERDE,2000.0,433.228003680161,35,0.0,Zona Intermedia
Piso 3,GLADIOLO,12000.0,969.5921270936354,58,0.0,Zona de Riesgo
Piso 3,GRANADILLA,8750.0,4218.263738327379,156,0.0,Zona Intermedia
Piso 3,GRANADO,5000.0,1327.6616177969145,219,0.0,Zona Intermedia
Piso 3,GUAYABO,2500.0,2686.4942784850896,328,0.0,Zona Intermedia
Piso 3,HABA GRANO SECO,952.3809523809524,196.58612316751586,135,36.0,Zona Intermedia
Piso 3,HABA GRANO VERDE,3888.888888888889,513.6302974927435,47,0.0,Zona Intermedia
Piso 3,HIERBA BUENA,1000.0,0.0,33,0.0,Zona Intermedia
Piso 3,HIGUERA,3030.3030303030305,3063.0046046456105,314,0.0,Zona Intermedia
Piso 3,KIWICHA,2473.716759431045,0.0,11,0.0,Zona Intermedia
Piso 3,LECHUGA,7200.0,6303.792433373913,77,0.0,Zona Intermedia
Piso 3,LENTEJA GRANO SECO,388.8888888888889,415.5898508451745,33,0.0,Zona Intermedia
Piso 3,LIMA,5000.0,3011.893788374863,439,0.0,Zona Intermedia
Piso 3,LIMON ACIDO,6060.60606060606,7161.823905401924,907,0.0,Zona Intermedia
Piso 3,LIMON DULCE,2777.777777777778,3372.7693296481934,125,0.0,Zona Intermedia
Piso 3,LIMON RUGOSO,8000.0,4444.699279136576,110,0.0,Zona Intermedia
Piso 3,LINAZA,460.0,42.32184378708545,26,0.0,Zona Intermedia
Piso 3,LUCUMO,5000.0,2971.417027497514,653,0.0,Zona Intermedia
Piso 3,MAIZ AMARILLO DURO,1226.6666666666667,2113.3724564277472,1177,80.0,Zona Intermedia
Piso 3,MAIZ AMILACEO,1333.3333333333337,1420.5525009608273,2461,48.0,Zona Intermedia
Piso 3,MAIZ CHALA,12000.0,9445.894137344625,256,0.0,Zona de Riesgo
Piso 3,MAIZ CHOCLO,10400.0,5967.2209343758295,1046,0.0,Zona Intermedia
Piso 3,MAIZ MORADO,3266.6666666666665,1617.39736795613,515,0.0,Zona Intermedia
Piso 3,MANDARINA,13333.333333333334,3154.913359810169,79,0.0,Zona de Riesgo
Piso 3,MANGO,6060.60606060606,4762.427754455543,493,0.0,Zona Intermedia
Piso 3,MANZANO,4000.0,4186.711327113169,701,0.0,Zona Intermedia
Piso 3,MARACUYA,8000.0,0.0,14,0.0,Zona Intermedia
Piso 3,MASHUA,8000.0,0.0,14,0.0,Zona Intermedia
Piso 3,MELOCOTONERO,5000.0,3250.8381051385295,1125,12.0,Zona Intermedia
Piso 3,MEMBRILLERO,3333.333333333333,3158.104796241733,348,0.0,Zona Intermedia
Piso 3,NARANJO,5000.0,6765.031926149576,570,0.0,Zona Intermedia
Piso 3,NISPERO,4687.5,2605.1017018773687,350,0.0,Zona Intermedia
Piso 3,NOGAL,5000.0,1656.8337391590278,51,0.0,Zona Intermedia
Piso 3,NUÑA GRANO SECO,880.0,522.5279803752375,210,0.0,Zona Intermedia
Piso 3,NUÑA GRANO VERDE,1200.0,0.0,3,3.0,Zona Intermedia
Piso 3,OCA,6000.0,0.0,5,0.0,Zona Intermedia
Piso 3,OLIVO,8000.0,0.0,40,0.0,Zona Intermedia
Piso 3,OLLUCO,7575.757575757575,768.8909665655109,15,0.0,Zona Intermedia
Piso 3,OREGANO,2250.0,614.8726543469838,59,0.0,Zona Intermedia
Piso 3,PACAE,5100.0,3885.267896027556,955,0.0,Zona Intermedia
Piso 3,PALLAR GRANO SECO,1500.0,0.0,34,0.0,Zona Intermedia
Piso 3,PALTO,5625.0,4534.533050955914,3557,24.0,Zona Intermedia
Piso 3,PAPA AMARILLA,9600.0,3999.938706852946,106,0.0,Zona Intermedia
Piso 3,PAPA BLANCA,8640.0,6154.985242186668,1048,80.0,Zona Intermedia
Piso 3,PAPA COLOR,6000.0,0.0,12,0.0,Zona Intermedia
Piso 3,PAPA HUAYRO,7200.0,4353.90956505574,131,0.0,Zona Intermedia
Piso 3,PAPA NATIVA,7000.0,2475.289765594307,125,4.0,Zona Intermedia
Piso 3,PAPAYA,5000.0,4857.342362017154,237,0.0,Zona Intermedia
Piso 3,PAPAYUELA,5000.0,1373.026017127309,158,0.0,Zona Intermedia
Piso 3,PAPRIKA,6645.569620253164,0.0,25,0.0,Zona Intermedia
Piso 3,PASTO AGASHUL,45333.333333333336,12751.44820295284,97,0.0,Zona de Riesgo
Piso 3,PASTO ANGLETON,60000.0,14410.952139643188,701,0.0,Zona de Riesgo
Piso 3,PASTO BRAQUIARIA,43333.333333333336,4209.977854456387,121,0.0,Zona de Riesgo
Piso 3,PASTO BRIZANTA,43954.887218045114,9659.831763937846,58,0.0,Zona de Riesgo
Piso 3,PASTO DACTYLIS,20000.0,6989.179246105406,59,0.0,Zona de Riesgo
Piso 3,PASTO ELEFANTE,92000.0,38373.389417017504,719,0.0,Zona de Riesgo
Piso 3,PASTO ESTRELLA,44265.59356136821,13452.723488906546,24,0.0,Zona de Riesgo
Piso 3,PASTO GRAMA AZUL,66000.0,15918.496661717892,144,0.0,Zona de Riesgo
Piso 3,PASTO GRAMA BLANCA,12500.0,1705.2140927287728,50,0.0,Zona de Riesgo
Piso 3,PASTO GRAMA CHILENA,36000.0,0.0,18,0.0,Zona Optima
Piso 3,PASTO GRAMA DULCE,12000.0,13746.596556187133,40,0.0,Zona de Riesgo
Piso 3,PASTO GRAMA RHODES,53862.96053402283,25.575653756828643,14,0.0,Zona Optima
Piso 3,PASTO GRAMALOTE,30344.8275862069,3165.783143954521,188,0.0,Zona de Riesgo
Piso 3,PASTO GUATEMALA,30000.0,7676.494735787384,21,0.0,Zona de Riesgo
Piso 3,PASTO KIKUYO,56000.0,15389.385272148473,445,0.0,Zona de Riesgo
Piso 3,PASTO KING GRASS,34000.0,0.0,4,0.0,Zona Optima
Piso 3,PASTO MARAFALFA,50000.0,19323.092570721186,61,0.0,Zona de Riesgo
Piso 3,PASTO MORADO,30000.0,0.0,14,0.0,Zona Optima
Piso 3,PASTO NATURAL MANEJADO,15873.015873015873,9677.994029964715,245,0.0,Zona de Riesgo
Piso 3,PASTO NUDILLO,55000.0,12264.336912188342,110,0.0,Zona de Riesgo
Piso 3,PASTO OVILLO,55555.55555555556,9765.1469843602,253,0.0,Zona de Riesgo
Piso 3,PASTO SISO,35000.0,4991.478428196126,94,0.0,Zona de Riesgo
Piso 3,PECANO,2000.0,0.0,20,0.0,Zona Intermedia
Piso 3,PEPINILLO,5600.0,2756.012459051839,91,12.0,Zona Intermedia
Piso 3,PEPINO FRUTA,2500.0,1251.3951988681317,53,0.0,Zona Intermedia
Piso 3,PERAL,4000.0,0.0,40,0.0,Zona Intermedia
Piso 3,PEREJIL,7200.0,1485.3422338209275,83,0.0,Zona Intermedia
Piso 3,PITUCA,8333.333333333334,2926.605237554863,109,0.0,Zona Intermedia
Piso 3,PLATANO,6666.666666666667,3157.184815164594,1557,0.0,Zona Intermedia
Piso 3,QUINUA,2253.0134054297623,553.9596247316792,87,16.0,Zona Intermedia
Piso 3,ROCOTO,12528.301886792451,3513.545989588895,113,0.0,Zona de Riesgo
Piso 3,RUDA,6000.0,1596.5838749950256,47,0.0,Zona Intermedia
Piso 3,RYE GRASS,62906.976744186046,15891.020597075933,610,0.0,Zona de Riesgo
Piso 3,SACHATOMATE,5000.0,1323.6386844712622,146,0.0,Zona Intermedia
Piso 3,TARA,6015.037593984962,3037.527125040736,732,0.0,Zona Intermedia
Piso 3,TARHUI GRANO SECO,700.0,307.63608368244377,131,0.0,Zona Intermedia
Piso 3,TARHUI GRANO VERDE,3040.0,0.0,6,0.0,Zona Intermedia
Piso 3,TOMATE,14400.0,6165.329789040165,116,0.0,Zona de Riesgo
Piso 3,TORONJA,5000.0,0.0,34,0.0,Zona Intermedia
Piso 3,TREBOL,54805.77397019129,16242.310847096622,219,0.0,Zona de Riesgo
Piso 3,TRIGO,1000.0,604.8343133621598,898,13.0,Zona Intermedia
Piso 3,TUMBO,9600.0,0.0,9,0.0,Zona Intermedia
Piso 3,TUNA FRUTA,3750.0,2254.6162168806795,913,0.0,Zona Intermedia
Piso 3,VAINITA,8333.333333333334,3837.6890287296483,113,0.0,Zona Intermedia
Piso 3,VID,10000.0,5220.382507396232,110,0.0,Zona Intermedia
Piso 3,YUCA,5333.333333333334,2032.641214002365,97,0.0,Zona Intermedia
Piso 3,ZANAHORIA,9000.0,1279.0405390216642,63,0.0,Zona Intermedia
Piso 3,ZAPALLO,15000.0,7376.376722256985,399,0.0,Zona de Riesgo
Piso 4,ACELGA,9090.90909090909,0.0,14,0.0,Zona Intermedia
Piso 4,ACHIRA,4000.0,0.0,18,0.0,Zona Intermedia
Piso 4,AGUAYMANTO,4615.384615384615,0.0,8,0.0,Zona Intermedia
Piso 4,AJENJO,1000.0,0.0,132,0.0,Zona Intermedia
Piso 4,AJO,5000.0,2220.0476231866205,72,0.0,Zona Intermedia
Piso 4,ALFALFA,23000.0,19897.10744037157,7221,589.0,Zona de Riesgo
Piso 4,ANIS,2000.0,0.0,132,0.0,Zona Intermedia
Piso 4,APIO,10000.0,1021.7442696961922,46,0.0,Zona Intermedia
Piso 4,ARRACACHA,10000.0,0.0,55,0.0,Zona Intermedia
Piso 4,ARVEJA GRANO SECO,1022.7272727272727,294.2270457504642,467,142.0,Zona Intermedia
Piso 4,ARVEJA GRANO VERDE,2400.0,1862.6951010366945,472,0.0,Zona Intermedia
Piso 4,AVENA FORRAJERA,10000.0,7253.075609945047,414,14.0,Zona Intermedia
Piso 4,AVENA GRANO,1400.0,0.0,24,0.0,Zona Intermedia
Piso 4,AZUCENA,2000.0,0.0,15,0.0,Zona Intermedia
Piso 4,BETARRAGA,24000.0,4625.522841201421,132,0.0,Zona de Riesgo
Piso 4,BROCOLI,8000.0,4296.92478097595,104,0.0,Zona Intermedia
Piso 4,CALABAZA,10000.0,4138.072131967188,506,0.0,Zona Intermedia
Piso 4,CAPULI,3840.0,4570.581642143311,89,0.0,Zona Intermedia
Piso 4,CEBADA FORRAJERA,18181.818181818184,4096.722765008658,72,10.0,Zona de Riesgo
Piso 4,CEBADA GRANO,1200.0,545.9754289097688,2939,287.0,Zona Intermedia
Piso 4,CEBOLLA,9000.0,3966.9391567220473,59,0.0,Zona Intermedia
Piso 4,CEBOLLA CHINA,5142.857142857143,5169.641325290319,371,0.0,Zona Intermedia
Piso 4,CENTENO FORRAJERO,6060.606060606061,0.0,19,0.0,Zona Intermedia
Piso 4,CIRUELA DEL FRAILE,6666.666666666667,0.0,4,0.0,Zona Intermedia
Piso 4,COL,5000.0,4956.807728973964,287,0.0,Zona Intermedia
Piso 4,COLIFLOR,4166.666666666667,0.0,23,0.0,Zona Intermedia
Piso 4,CRISANTEMO O POMPON,10000.0,1782.4955322750868,31,0.0,Zona Intermedia
Piso 4,CULANTRO,6000.0,1791.5183343209271,247,0.0,Zona Intermedia
Piso 4,ESPINACA,4166.666666666667,352.6857161014625,48,0.0,Zona Intermedia
Piso 4,FRESA,10500.0,0.0,35,0.0,Zona Intermedia
Piso 4,FRIJOL CABALLERO GRANO SECO,1515.151515151515,443.3238179975786,57,0.0,Zona Intermedia
Piso 4,FRIJOL CANARIO GRANO SECO,1250.0,390.8831336640231,136,0.0,Zona Intermedia
Piso 4,FRIJOL CANARIO GRANO VERDE,5000.0,0.0,39,0.0,Zona Intermedia
Piso 4,FRIJOL CAUPI GRANO SECO,768.0,15.318833724101417,33,0.0,Zona Intermedia
Piso 4,FRIJOL CAUPI GRANO VERDE,1891.891891891892,1698.709785444378,45,0.0,Zona Intermedia
Piso 4,FRIJOL CHAUCHA GRANO SECO,925.925925925926,0.0,13,0.0,Zona Intermedia
Piso 4,FRIJOL HUASCA POROTO GRANO SECO,1750.0,412.34049110407386,42,0.0,Zona Intermedia
Piso 4,FRIJOL LANTREJA GRANO VERDE,4000.0,0.0,58,0.0,Zona Intermedia
Piso 4,FRIJOL PALOMA GRANO SECO,588.2352941176471,0.0,8,0.0,Zona Intermedia
Piso 4,FRIJOL REGIONAL GRANO SECO,606.060606060606,0.0,21,0.0,Zona Intermedia
Piso 4,GRANADILLA,6666.666666666667,2484.9608098303906,54,0.0,Zona Intermedia
Piso 4,GUANABANO,4444.444444444444,0.0,7,0.0,Zona Intermedia
Piso 4,GUAYABO,7130.124777183601,0.0,6,0.0,Zona Intermedia
Piso 4,GUINDO,4000.0,0.0,25,0.0,Zona Intermedia
Piso 4,HABA GRANO SECO,960.0,697.0049428375439,1540,199.0,Zona Intermedia
Piso 4,HABA GRANO VERDE,2000.0,2831.9791869149585,148,35.0,Zona Intermedia
Piso 4,HIERBA BUENA,2250.0,204.90176383922974,132,0.0,Zona Intermedia
Piso 4,HIGUERA,3030.3030303030305,1833.4960243313785,45,0.0,Zona Intermedia
Piso 4,HINOJO,2500.0,0.0,29,0.0,Zona Intermedia
Piso 4,LECHUGA,8000.0,6087.087282021456,19,0.0,Zona Intermedia
Piso 4,LENTEJA GRANO SECO,690.0,54.065060380695535,64,0.0,Zona Intermedia
Piso 4,LIMA,6060.60606060606,5226.412597373846,69,0.0,Zona Intermedia
Piso 4,LIMON ACIDO,8000.0,3089.4894797962475,111,0.0,Zona Intermedia
Piso 4,LIMON RUGOSO,12500.0,0.0,10,0.0,Zona Optima
Piso 4,LINAZA,904.0,241.8439266313811,33,0.0,Zona Intermedia
Piso 4,LUCUMO,6666.666666666667,2687.6773845850116,78,0.0,Zona Intermedia
Piso 4,MAIZ AMARILLO DURO,1500.0,2379.4513291339763,171,0.0,Zona Intermedia
Piso 4,MAIZ AMILACEO,1515.151515151515,1821.3066417614796,6455,692.0,Zona Intermedia
Piso 4,MAIZ CHALA,12000.0,3703.6140129280147,37,0.0,Zona de Riesgo
Piso 4,MAIZ CHOCLO,8333.333333333334,4888.888235684675,760,11.0,Zona Intermedia
Piso 4,MAIZ MORADO,2700.0,1544.5166596369322,160,0.0,Zona Intermedia
Piso 4,MANZANILLA,10000.0,978.3991809404583,144,0.0,Zona Intermedia
Piso 4,MANZANO,6250.0,4498.091715721918,482,0.0,Zona Intermedia
Piso 4,MASHUA,4320.0,1811.2592765218233,71,0.0,Zona Intermedia
Piso 4,MELOCOTONERO,7500.0,3265.796567787547,531,0.0,Zona Intermedia
Piso 4,MEMBRILLERO,7575.757575757576,3902.1526834836295,56,0.0,Zona Intermedia
Piso 4,MONTECASINO,3072.0,0.0,12,0.0,Zona Intermedia
Piso 4,NARANJO,6000.0,6809.54875010225,49,0.0,Zona Intermedia
Piso 4,NISPERO,10000.0,0.0,16,0.0,Zona Intermedia
Piso 4,NUÑA GRANO SECO,960.0,317.42280905933416,514,0.0,Zona Intermedia
Piso 4,OCA,4500.0,2023.3570979038925,872,101.0,Zona Intermedia
Piso 4,OLLUCO,4666.666666666667,2012.754916268476,632,92.0,Zona Intermedia
Piso 4,OREGANO,4000.0,703.870282631834,111,0.0,Zona Intermedia
Piso 4,PACAE,10000.0,0.0,16,0.0,Zona Intermedia
Piso 4,PALTO,5714.285714285714,4183.848403565438,565,7.0,Zona Intermedia
Piso 4,PAPA AMARILLA,8400.0,4773.98280875399,790,129.0,Zona Intermedia
Piso 4,PAPA BLANCA,9600.0,5652.241392912211,4281,426.0,Zona Intermedia
Piso 4,PAPA COLOR,11040.0,3083.900607521853,117,20.0,Zona Intermedia
Piso 4,PAPA HUAYRO,7800.0,4230.075939419936,424,26.0,Zona Intermedia
Piso 4,PAPA NATIVA,5600.0,4150.2058224446555,2883,424.0,Zona Intermedia
Piso 4,PAPAYA,13500.0,5219.684159349452,92,0.0,Zona de Riesgo
Piso 4,PASTO ANGLETON,40000.0,0.0,10,0.0,Zona Optima
Piso 4,PASTO BERMUDA,35000.0,0.0,2,2.0,Zona Optima
Piso 4,PASTO BLANCO,14285.714285714286,0.0,5,0.0,Zona Optima
Piso 4,PASTO BRAQUIARIA,50769.230769230766,0.0,13,0.0,Zona Optima
Piso 4,PASTO BRIZANTA,36000.0,9254.977149312866,23,10.0,Zona de Riesgo
Piso 4,PASTO CEBADILLA,19000.0,0.0,15,0.0,Zona Optima
Piso 4,PASTO DACTYLIS,25806.451612903227,9045.91123477377,568,132.0,Zona de Riesgo
Piso 4,PASTO ELEFANTE,20000.0,8737.997851584205,89,0.0,Zona de Riesgo
Piso 4,PASTO FALARIS,22857.14285714285,8829.669132880328,245,0.0,Zona de Riesgo
Piso 4,PASTO GRAMA AZUL,40000.0,6359.942112183896,31,0.0,Zona de Riesgo
Piso 4,PASTO GRAMA BLANCA,28000.0,0.0,7,0.0,Zona Optima
Piso 4,PASTO GRAMA DULCE,25333.33333333333,14193.422326315884,42,0.0,Zona de Riesgo
Piso 4,PASTO GRAMALOTE,12083.333333333334,10273.88613523188,108,0.0,Zona de Riesgo
Piso 4,PASTO KIKUYO,62000.0,23261.719140396854,221,11.0,Zona de Riesgo
Piso 4,PASTO NATURAL MANEJADO,14400.0,12524.870118647626,135,0.0,Zona de Riesgo
Piso 4,PASTO NUDILLO,47000.0,4613.666568250659,209,0.0,Zona de Riesgo
Piso 4,PASTO OVILLO,49000.0,2676.9438459740663,82,0.0,Zona de Riesgo
Piso 4,PASTO PAJILLA,45142.857142857145,16636.32498490408,37,0.0,Zona de Riesgo
Piso 4,PASTO PASPAL,48571.42857142857,0.0,21,0.0,Zona Optima
Piso 4,PASTO SISO,54000.0,1008.4389681792215,60,0.0,Zona de Riesgo
Piso 4,PEPINO FRUTA,4200.0,0.0,23,0.0,Zona Intermedia
Piso 4,PEREJIL,5500.0,1611.9896092395304,148,0.0,Zona Intermedia
Piso 4,PLATANO,5681.818181818182,469.1749905624475,48,0.0,Zona Intermedia
Piso 4,PORO,6400.0,408.6031347641995,23,0.0,Zona Intermedia
Piso 4,QUINUA,800.0,839.2673315072399,251,29.0,Zona Intermedia
Piso 4,RABANO,3750.0,2716.1066480265413,29,0.0,Zona Intermedia
Piso 4,ROCOTO,15151.515151515152,8395.391843602602,86,0.0,Zona de Riesgo
Piso 4,ROMERO,3333.333333333333,575.1011234846682,34,0.0,Zona Intermedia
Piso 4,RUDA,2100.0,427.16273378587726,137,0.0,Zona Intermedia
Piso 4,RYE GRASS,30000.0,18724.894458472732,885,179.0,Zona de Riesgo
Piso 4,SACHATOMATE,3333.333333333333,1524.716029133232,38,0.0,Zona Intermedia
Piso 4,SAUCO,7692.307692307692,2377.647253252418,37,0.0,Zona Intermedia
Piso 4,TARA,6250.0,2251.2601481514484,216,0.0,Zona Intermedia
Piso 4,TARHUI GRANO SECO,800.0,351.8658417743801,801,68.0,Zona Intermedia
Piso 4,TARHUI GRANO VERDE,1250.0,0.0,4,4.0,Zona Intermedia
Piso 4,TORONJIL,2500.0,0.0,29,0.0,Zona Intermedia
Piso 4,TREBOL,20000.0,18070.591619587794,681,87.0,Zona de Riesgo
Piso 4,TRIGO,920.0,701.3664920409374,3016,147.0,Zona Intermedia
Piso 4,TUMBO,4545.454545454545,5156.6260984022165,72,0.0,Zona Intermedia
Piso 4,TUNA FRUTA,3555.555555555556,2654.7922322655795,541,10.0,Zona Intermedia
Piso 4,VAINITA,12000.0,0.0,8,0.0,Zona Optima
Piso 4,ZANAHORIA,25000.0,8862.88829309293,212,0.0,Zona de Riesgo
Piso 4,ZAPALLO,12000.0,3348.9552023598503,125,0.0,Zona de Riesgo
Piso 5,AJO,13333.333333333334,1865.1473012924862,43,0.0,Zona de Riesgo
Piso 5,ALFALFA,16666.666666666668,11296.441727193802,20837,8036.0,Zona de Riesgo
Piso 5,ARVEJA GRANO SECO,766.6666666666667,263.0111329149689,484,135.0,Zona Intermedia
Piso 5,ARVEJA GRANO VERDE,4500.0,1537.7338770851466,115,7.0,Zona Intermedia
Piso 5,ARVEJON GRANO VERDE,2400.0,0.0,15,0.0,Zona Intermedia
Piso 5,AVENA FORRAJERA,15000.0,5645.650294281892,45134,4984.0,Zona de Riesgo
Piso 5,AVENA GRANO,1150.0,526.5182991862935,3943,590.0,Zona Intermedia
Piso 5,CALABAZA,9600.0,3094.907090817696,64,0.0,Zona Intermedia
Piso 5,CAÑIHUA,862.5,378.47944552237607,2839,634.0,Zona Intermedia
Piso 5,CEBADA FORRAJERA,12800.0,4286.705769735948,9483,2008.0,Zona de Riesgo
Piso 5,CEBADA GRANO,1150.0,464.59958720628066,7160,863.0,Zona Intermedia
Piso 5,CEBOLLA,11500.0,0.0,52,0.0,Zona Intermedia
Piso 5,CEBOLLA CHINA,10000.0,2766.1291705622293,85,27.0,Zona Intermedia
Piso 5,COL,10000.0,470.92907485988445,32,0.0,Zona Intermedia
Piso 5,CULANTRO,5000.0,0.0,42,0.0,Zona Intermedia
Piso 5,FRIJOL BLANCO GRANO SECO,681.8181818181819,0.0,10,0.0,Zona Intermedia
Piso 5,FRIJOL CABALLERO GRANO SECO,800.0,225.70340933514328,46,0.0,Zona Intermedia
Piso 5,FRIJOL CAUPI GRANO SECO,1300.0,378.4318431482572,107,12.0,Zona Intermedia
Piso 5,FRIJOL LANTREJA GRANO SECO,2000.0,0.0,15,0.0,Zona Intermedia
Piso 5,HABA FORRAJERA,8000.0,3762.1983133231415,93,23.0,Zona Intermedia
Piso 5,HABA GRANO SECO,1000.0,714.5607804865598,6596,2191.0,Zona Intermedia
Piso 5,HABA GRANO VERDE,4545.454545454545,1499.758799859771,432,218.0,Zona Intermedia
Piso 5,HIERBA BUENA,3750.0,0.0,42,0.0,Zona Intermedia
Piso 5,LENTEJA GRANO SECO,1360.0,0.0,13,0.0,Zona Intermedia
Piso 5,LIMON ACIDO,4000.0,0.0,15,0.0,Zona Intermedia
Piso 5,LINAZA,586.5,244.0556267250772,48,0.0,Zona Intermedia
Piso 5,MAIZ AMILACEO,1680.0,1635.964336647572,1665,92.0,Zona Intermedia
Piso 5,MAIZ CHOCLO,7200.0,4701.519532591988,173,62.0,Zona Intermedia
Piso 5,MAIZ MORADO,7200.0,0.0,15,0.0,Zona Intermedia
Piso 5,MANZANO,5000.0,3957.1506661151416,34,0.0,Zona Intermedia
Piso 5,MASHUA,6000.0,1938.297572223416,703,135.0,Zona Intermedia
Piso 5,NUÑA GRANO SECO,383.33333333333337,0.0,11,0.0,Zona Intermedia
Piso 5,OCA,6000.0,1949.9242564850126,3277,529.0,Zona Intermedia
Piso 5,OLLUCO,5750.0,2398.3762484167587,1715,386.0,Zona Intermedia
Piso 5,OREGANO,1800.0,0.0,8,8.0,Zona Intermedia
Piso 5,PALLAR GRANO VERDE,7301.935012778386,0.0,12,12.0,Zona Intermedia
Piso 5,PALTO,10000.0,1396.0869218085022,43,0.0,Zona Intermedia
Piso 5,PAPA AMARGA,7500.0,2771.771546585838,2452,239.0,Zona Intermedia
Piso 5,PAPA AMARILLA,6400.0,4216.986677418209,1271,505.0,Zona Intermedia
Piso 5,PAPA BLANCA,8750.0,3563.911695839083,8018,755.0,Zona Intermedia
Piso 5,PAPA COLOR,10928.96174863388,6199.530725723003,272,96.0,Zona Intermedia
Piso 5,PAPA HUAYRO,8750.0,3365.8240448503925,1640,158.0,Zona Intermedia
Piso 5,PAPA NATIVA,8400.0,3879.6478145146284,38692,5026.0,Zona Intermedia
Piso 5,PASTO BRIZANTA,10000.0,0.0,20,0.0,Zona Intermedia
Piso 5,PASTO CEBADILLA,20000.0,3164.2784757345075,241,0.0,Zona de Riesgo
Piso 5,PASTO DACTYLIS,20000.0,12040.168765374949,2857,816.0,Zona de Riesgo
Piso 5,PASTO FALARIS,25000.0,11728.716097639845,385,28.0,Zona de Riesgo
Piso 5,PASTO FESTUCA,34782.608695652176,0.0,49,0.0,Zona Optima
Piso 5,PASTO GRAMA DULCE,25000.0,5819.773307132487,241,0.0,Zona de Riesgo
Piso 5,PASTO GRAMALOTE,27333.333333333336,10131.319821944695,64,0.0,Zona de Riesgo
Piso 5,PASTO KIKUYO,12000.0,0.0,22,0.0,Zona Optima
Piso 5,PASTO NATURAL MANEJADO,19125.68306010929,12634.682524162754,357,22.0,Zona de Riesgo
Piso 5,PASTO PAJILLA,21739.130434782608,0.0,49,0.0,Zona Optima
Piso 5,PASTO PASPAL,16000.0,17914.492241145563,31,7.0,Zona de Riesgo
Piso 5,PASTO SUNCHO,20000.0,0.0,33,0.0,Zona Optima
Piso 5,PERAL,3000.0,0.0,15,0.0,Zona Intermedia
Piso 5,PEREJIL,10000.0,0.0,52,0.0,Zona Intermedia
Piso 5,QUINUA,833.3333333333334,849.7541857492203,7496,751.0,Zona Intermedia
Piso 5,RYE GRASS,19000.0,9082.559386649975,1235,67.0,Zona de Riesgo
Piso 5,SAUCO,3000.0,301.7804310611088,64,0.0,Zona Intermedia
Piso 5,TARA,4000.0,0.0,30,0.0,Zona Intermedia
Piso 5,TARHUI GRANO SECO,1150.0,470.8298803599934,1022,209.0,Zona Intermedia
Piso 5,TARHUI GRANO VERDE,4600.0,0.0,13,0.0,Zona Intermedia
Piso 5,TREBOL,16000.0,12305.47318504808,1195,315.0,Zona de Riesgo
Piso 5,TRIGO,600.0,588.2803511212142,1523,126.0,Zona Intermedia
Piso 5,TUNA FRUTA,6428.571428571428,170.57708331831535,20,0.0,Zona Intermedia
Piso 5,ZANAHORIA,10000.0,983.5862242147948,86,0.0,Zona Intermedia
,ACELGA,8823.529411764706,3075.210914705491,1014,114.0,Zona Intermedia
,ACEROLA,3120.0,0.0,69,0.0,Zona Intermedia
,ACHICORIA FORRAJERA,12000.0,3806.6774077263726,186,21.0,Zona de Riesgo
,ACHIOTE,857.1428571428571,552.4968555177843,1444,0.0,Zona Intermedia
,ACHIRA,4800.000000000001,1986.2155193461679,252,0.0,Zona Intermedia
,AGAPANTO,3333.333333333333,1315.3794327110973,38,0.0,Zona Intermedia
,AGUAJE,11111.111111111111,7065.401214602458,2816,0.0,Zona Intermedia
,AGUAYMANTO,5000.0,2285.0314858262136,733,28.0,Zona Intermedia
,AIRAMPO,4500.0,0.0,19,0.0,Zona Intermedia
,AJI,6060.606060606061,3699.6078100008963,2712,0.0,Zona Intermedia
,AJO,8823.529411764706,4099.464100401023,3679,160.0,Zona Intermedia
,ALBAHACA,4250.0,2494.600122192966,229,0.0,Zona Intermedia
,ALCACHOFA,12987.012987012986,4449.841506981741,600,49.0,Zona de Riesgo
,ALFALFA,20000.0,20358.605543737795,180161,40908.0,Zona de Riesgo
,ALGODON,2062.0689655172414,963.0978505554259,2369,18.0,Zona Intermedia
,ALMENDRO,7500.0,2696.3684494545873,106,0.0,Zona Intermedia
,ANIS,1200.0,127.53300646939316,24,0.0,Zona Intermedia
,ANONA,5500.0,2684.4130373851203,795,0.0,Zona Intermedia
,APIO,10437.5,4534.4212993179635,1264,23.0,Zona Intermedia
,ARANDANO,1000.0,989.1289293015159,65,0.0,Zona Intermedia
,ARAZA,6000.0,1390.6449513030127,154,0.0,Zona Intermedia
,ARBOL DEL PAN,5000.0,2489.656838303904,930,0.0,Zona Intermedia
,ARRACACHA,7500.0,1656.135593795448,912,0.0,Zona Intermedia
,ARROZ CASCARA,8000.0,2896.2401690042934,23386,76.0,Zona Intermedia
,ARVEJA GRANO SECO,1086.9565217391305,427.6830366630009,14044,1878.0,Zona Intermedia
,ARVEJA GRANO VERDE,3000.0,2289.2376958721306,10729,1156.0,Zona Intermedia
,ARVEJON GRANO SECO,967.741935483871,330.0224803728099,297,17.0,Zona Intermedia
,ARVEJON GRANO VERDE,2500.0,1677.224467897353,295,17.0,Zona Intermedia
,ASTROMELIA,7500.0,1623.7127293041392,122,10.0,Zona Intermedia
,AVENA FORRAJERA,12480.0,5870.903707228284,92457,23578.0,Zona de Riesgo
,AVENA GRANO,1200.0,572.3967769936426,17264,4244.0,Zona Intermedia
,AZUCENA,2666.666666666667,677.311684540689,292,0.0,Zona Intermedia
,BERENJENA,12000.0,3098.757480637309,41,0.0,Zona de Riesgo
,BETARRAGA,10000.0,5496.365954945606,1583,41.0,Zona Intermedia
,BOTON DE ORO,5000.0,0.0,6,0.0,Zona Intermedia
,BROCOLI,10416.666666666668,3804.5190627291486,1869,0.0,Zona Intermedia
,BUGANVILIA,10000.0,0.0,26,0.0,Zona Intermedia
,CACAO,555.5555555555555,359.20438236232377,18906,11.0,Zona Intermedia
,CAFE PERGAMINO,689.6551724137931,450.2200218829009,28500,210.0,Zona Intermedia
,CAIGUA,5000.0,1998.178392818878,431,11.0,Zona Intermedia
,CAIMITO,8000.0,5007.248910889533,2227,0.0,Zona Intermedia
,CALABAZA,9000.0,7876.78627787887,7427,195.0,Zona Intermedia
,CAMOTE,12000.0,8111.508884087801,5437,0.0,Zona de Riesgo
,CAMOTE FORRAJERO,10000.0,8206.099398622184,22,0.0,Zona Intermedia
,CAMU CAMU,4000.0,1040.9549838152075,208,0.0,Zona Intermedia
,CANELA,3000.0,0.0,30,0.0,Zona Intermedia
,CAPULI,5000.0,3022.1385960863504,4093,333.0,Zona Intermedia
,CAQUI,3333.333333333333,1860.8336232382944,169,0.0,Zona Intermedia
,CARAMBOLA,6666.666666666667,2627.405578122321,1703,0.0,Zona Intermedia
,CARTUCHO,8000.0,0.0,7,0.0,Zona Intermedia
,CASHARANA,5000.0,999.6581780792286,77,0.0,Zona Intermedia
,CASTAÑA,6818.181818181819,2821.221718209014,225,0.0,Zona Intermedia
,CAÑA BRAVA,5263.157894736842,2887.9301064221663,326,0.0,Zona Intermedia
,CAÑA DE AZUCAR PARA ALCOHOL,29239.76608187134,14289.29316283287,1141,11.0,Zona de Riesgo
,CAÑA DE AZUCAR PARA AZUCAR,71428.57142857143,38649.51005654419,1367,0.0,Zona de Riesgo
,CAÑA DE AZUCAR PARA CHANCACA,25200.0,12794.63976976107,2388,4.0,Zona de Riesgo
,CAÑA DE AZUCAR PARA ETANOL,28000.0,3613.653776584202,48,0.0,Zona de Riesgo
,CAÑA DE AZUCAR PARA FRUTA,16666.666666666668,13683.143030112782,1944,0.0,Zona de Riesgo
,CAÑA GUAYAQUIL,20000.0,11127.021449761973,568,0.0,Zona de Riesgo
,CAÑIHUA,862.5,361.72462713135246,5141,1209.0,Zona Intermedia
,CEBADA FORRAJERA,12500.0,5343.656275769673,5600,1534.0,Zona de Riesgo
,CEBADA GRANO,1150.0,475.4190695882271,49735,8850.0,Zona Intermedia
,CEBOLLA,16666.666666666668,13710.881427473,6255,501.0,Zona de Riesgo
,CEBOLLA CHINA,6000.0,4557.465159084351,4931,118.0,Zona Intermedia
,CEBOLLIN,2500.0,1317.5500396690277,144,0.0,Zona Intermedia
,CEDRON,2500.0,1150.6242284851705,415,0.0,Zona Intermedia
,CENTENO FORRAJERO,9000.0,3755.184152553619,121,51.0,Zona Intermedia
,CENTENO GRANO,920.0,445.0404174244585,223,18.0,Zona Intermedia
,CEREZO,5555.555555555556,2572.1267268352626,721,0.0,Zona Intermedia
,CHALARINA,5000.0,2693.2660391867703,714,0.0,Zona Intermedia
,CHIA,1333.3333333333337,407.2159382224354,250,0.0,Zona Intermedia
,CHIRIMOYO,4500.0,3147.277974008064,18429,205.0,Zona Intermedia
,CHOPE,3571.428571428572,0.0,17,0.0,Zona Intermedia
,CIDRA,9375.0,5750.38786379814,779,0.0,Zona Intermedia
,CIROLERO,5000.0,2906.3162249680736,2868,75.0,Zona Intermedia
,CIRUELA AGRIA,5000.0,3151.0716141973685,6636,16.0,Zona Intermedia
,CIRUELA DEL FRAILE,4000.0,1762.3817458388305,1166,0.0,Zona Intermedia
,CLAVEL,5600.0,1687.7837882896713,640,64.0,Zona Intermedia
,COCA,699.3006993006993,497.23507444458966,5233,0.0,Zona Intermedia
,COCONA,4200.0,1857.4298489430366,593,0.0,Zona Intermedia
,COCOTERO,10638.297872340429,7493.256337954735,6184,0.0,Zona Intermedia
,COL,8842.443729903536,4607.68877909934,3525,236.0,Zona Intermedia
,COLA DE CABALLO,1666.6666666666667,1169.1206240203362,36,0.0,Zona Intermedia
,COLIFLOR,7000.0,3303.502131819111,849,0.0,Zona Intermedia
,CONGONA,5000.0,826.4087601212228,287,0.0,Zona Intermedia
,COPOAZU,4500.0,1535.3284017788496,830,0.0,Zona Intermedia
,CRISANTEMO O POMPON,5000.0,3430.771722917366,32,0.0,Zona Intermedia
,CULANTRO,5000.0,3141.8370758049855,3242,119.0,Zona Intermedia
,DALE DALE,6153.846153846154,0.0,13,0.0,Zona Intermedia
,DAMASCO,4545.454545454545,1943.8891608808024,1091,0.0,Zona Intermedia
,ESPARRAGO,3500.0,1808.1549072533212,2590,0.0,Zona Intermedia
,ESPINACA,9032.258064516129,4505.206143085523,1033,23.0,Zona Intermedia
,FLOR DE JAMAICA,3400.0,0.0,3,0.0,Zona Intermedia
,FLORES DE CORTE,7750.0,3351.6918402923116,579,48.0,Zona Intermedia
,FRAMBUESA,3750.0,891.858847057121,114,0.0,Zona Intermedia
,FRESA,11612.90322580645,4818.007817570921,1403,26.0,Zona de Riesgo
,FRIJOL ALUBIA GRANO SECO,766.6666666666667,182.8955107185841,42,0.0,Zona Intermedia
,FRIJOL ALUBIA GRANO VERDE,4000.0,746.1804044171485,53,0.0,Zona Intermedia
,FRIJOL ASHPA GRANO SECO,800.0,608.7595874350708,17,0.0,Zona Intermedia
,FRIJOL ASHPA GRANO VERDE,1500.0,537.7815841566764,125,0.0,Zona Intermedia
,FRIJOL ASTON GRANO SECO,1000.0,0.0,14,0.0,Zona Intermedia
,FRIJOL BAYO GRANO SECO,1000.0,290.56411893253346,1561,0.0,Zona Intermedia
,FRIJOL BAYO GRANO VERDE,2500.0,527.7298763679471,273,0.0,Zona Intermedia
,FRIJOL BLANCO GRANO SECO,958.3333333333331,555.6525746004312,3385,213.0,Zona Intermedia
,FRIJOL BLANCO GRANO VERDE,3631.578947368421,1542.0710307850977,611,59.0,Zona Intermedia
,FRIJOL CABALLERO GRANO SECO,920.0,263.48091666539517,839,27.0,Zona Intermedia
,FRIJOL CABALLERO GRANO VERDE,2300.0,1314.5107035503988,87,0.0,Zona Intermedia
,FRIJOL CAMBIO NOVENTA GRANO SECO,766.6666666666667,195.00937149470593,19,0.0,Zona Intermedia
,FRIJOL CAMBIO NOVENTA GRANO VERDE,2333.333333333333,3207.527865238107,128,0.0,Zona Intermedia
,FRIJOL CANARIO GRANO SECO,1200.0,580.1991112507951,2932,156.0,Zona Intermedia
,FRIJOL CANARIO GRANO VERDE,1768.0826636050515,1560.4455704053112,347,0.0,Zona Intermedia
,FRIJOL CAUPI GRANO SECO,1533.3333333333337,631.8198280665396,780,18.0,Zona Intermedia
,FRIJOL CAUPI GRANO VERDE,2000.0,1622.4443399120003,329,0.0,Zona Intermedia
,FRIJOL CHAUCHA GRANO SECO,900.0,452.69556506798824,493,0.0,Zona Intermedia
,FRIJOL CHAUCHA GRANO VERDE,1200.0,1492.6479737893828,141,0.0,Zona Intermedia
,FRIJOL CHICLAYO VERDURA GRANO SECO,1000.0,746.6770832606736,81,0.0,Zona Intermedia
,FRIJOL CHICLAYO VERDURA GRANO VERDE,4800.0,1582.3943101336677,110,0.0,Zona Intermedia
,FRIJOL CHONTEÑO,1700.0,0.0,22,0.0,Zona Intermedia
,FRIJOL DE PALO GRANO SECO,1000.0,428.40430773395434,1019,14.0,Zona Intermedia
,FRIJOL DE PALO GRANO VERDE,3125.0,1826.1788464642686,1229,14.0,Zona Intermedia
,FRIJOL GUINDA GRANO SECO,960.0,596.6105307937758,1311,17.0,Zona Intermedia
,FRIJOL HABITAS GRANO SECO,2300.0,0.0,9,0.0,Zona Intermedia
,FRIJOL HUASCA GRANO SECO,1000.0,472.18644829246216,217,0.0,Zona Intermedia
,FRIJOL HUASCA GRANO VERDE,4000.0,852.0832611550474,39,8.0,Zona Intermedia
,FRIJOL HUASCA POROTO GRANO SECO,1000.0,649.1984069962416,94,0.0,Zona Intermedia
,FRIJOL HUASCA POROTO GRANO VERDE,2300.0,0.0,4,0.0,Zona Intermedia
,FRIJOL HUEVO DE PALOMA GRANO SECO,1037.037037037037,577.4227803659827,273,5.0,Zona Intermedia
,FRIJOL HUEVO DE PALOMA GRANO VERDE,1200.0,1928.174595804553,41,0.0,Zona Intermedia
,FRIJOL LANTREJA GRANO SECO,960.0,284.5347895383049,42,0.0,Zona Intermedia
,FRIJOL LANTREJA GRANO VERDE,2000.0,1527.5252316519468,27,0.0,Zona Intermedia
,FRIJOL LECHE GRANO SECO,1200.0,67.5497073492031,25,0.0,Zona Intermedia
,FRIJOL LECHE GRANO VERDE,6000.0,0.0,13,0.0,Zona Intermedia
,FRIJOL LOCTAO GRANO SECO,1440.0,118.36457200627252,18,0.0,Zona Intermedia
,FRIJOL LOCTAO GRANO VERDE,2173.913043478261,727.5387857665914,27,0.0,Zona Intermedia
,FRIJOL MANTECA GRANO SECO,1600.0,388.54474786690105,115,0.0,Zona Intermedia
,FRIJOL NEGRO GRANO VERDE,3000.0,0.0,3,0.0,Zona Intermedia
,FRIJOL PALOMA GRANO SECO,920.0,106.46931147384342,50,15.0,Zona Intermedia
,FRIJOL PALOMA GRANO VERDE,3000.0,0.0,14,0.0,Zona Intermedia
,FRIJOL PANAMITO GRANO SECO,1000.0,457.3975719314012,1271,21.0,Zona Intermedia
,FRIJOL PANAMITO GRANO VERDE,5000.0,1442.8427561771487,112,0.0,Zona Intermedia
,FRIJOL PINTO GRANO SECO,920.0,532.9210003080476,2501,29.0,Zona Intermedia
,FRIJOL PINTO GRANO VERDE,2000.0,1706.9357138787143,495,0.0,Zona Intermedia
,FRIJOL RAYADO GRANO SECO,766.6666666666667,474.3189496081816,117,11.0,Zona Intermedia
,FRIJOL RED KIDNEY GRANO SECO,1150.0,311.22076139943795,82,0.0,Zona Intermedia
,FRIJOL REGIONAL GRANO SECO,1600.0,50.39526306789688,28,0.0,Zona Intermedia
,FRIJOL REGIONAL GRANO VERDE,5000.0,0.0,11,0.0,Zona Intermedia
,FRIJOL RUNDO GRANO SECO,2000.0,660.1024713840061,11,0.0,Zona Intermedia
,FRIJOL SANGRE DE TORO GRANO SECO,1150.0,378.9908082074881,186,0.0,Zona Intermedia
,FRIJOL SHINGUITO GRANO SECO,2760.0,0.0,11,0.0,Zona Intermedia
,FRIJOL TODA LA VIDA GRANO SECO,766.6666666666667,72.95078900145809,120,0.0,Zona Intermedia
,FRIJOL TODA LA VIDA GRANO VERDE,1800.0,1482.5184190952925,91,0.0,Zona Intermedia
,FRIJOL UCAYALINO GRANO SECO,1800.0,400.00504941058676,98,0.0,Zona Intermedia
,GARBANZO GRANO SECO,1200.0,520.5752886287289,356,0.0,Zona Intermedia
,GARBANZO GRANO VERDE,4730.392156862745,2841.5576908240787,20,0.0,Zona Intermedia
,GIRASOL FORRAJERO,11428.57142857143,3336.891424254725,178,0.0,Zona Intermedia
,GIRASOL PARA SEMILLA,3000.0,770.1810968038152,218,0.0,Zona Intermedia
,GLADIOLO,5250.0,2799.791262266425,175,0.0,Zona Intermedia
,GRANADILLA,6648.250460405157,3508.3173376336777,3162,36.0,Zona Intermedia
,GRANADO,5000.0,2865.963665929001,11990,38.0,Zona Intermedia
,GUANABANO,6000.0,4072.9588734105914,6459,0.0,Zona Intermedia
,GUAYABO,5000.0,3506.7672580332414,15104,29.0,Zona Intermedia
,GUINDO,4000.0,2964.293894836385,349,41.0,Zona Intermedia
,HABA FORRAJERA,6857.142857142857,3460.7946706185244,153,24.0,Zona Intermedia
,HABA GRANO SECO,1150.0,601.2167917595185,43500,9555.0,Zona Intermedia
,HABA GRANO VERDE,4000.0,2323.8624090291423,14652,3221.0,Zona Intermedia
,HIERBA BUENA,4000.0,1686.8435979848766,351,0.0,Zona Intermedia
,HIERBA LUISA,5000.0,3421.2044240295236,465,0.0,Zona Intermedia
,HIGUERA,4000.0,2869.7547834051425,19938,109.0,Zona Intermedia
,HIGUERILLA,6666.666666666667,1576.735912119666,106,0.0,Zona Intermedia
,HINOJO,1500.0,1976.9325954744625,533,11.0,Zona Intermedia
,HIPERICO,5184.0,0.0,69,0.0,Zona Intermedia
,HOLANTAO,4857.142857142857,1619.3538457674013,587,0.0,Zona Intermedia
,HORTENCIA,8000.0,0.0,23,0.0,Zona Intermedia
,HUACATAY,5454.545454545455,2587.431784796126,356,0.0,Zona Intermedia
,HUASAI,4714.285714285714,2828.090632561249,234,0.0,Zona Intermedia
,HUMARI,4400.0,1968.3682321334365,307,0.0,Zona Intermedia
,ICHU COSTEÑO,6896.551724137931,316.9789019112111,8,0.0,Zona Intermedia
,ILUSION,4666.666666666667,1679.0363997711804,113,49.0,Zona Intermedia
,JOJOBA,9000.0,0.0,5,0.0,Zona Intermedia
,KION,3205.128205128205,2726.7436152125306,139,0.0,Zona Intermedia
,KIWICHA,1380.0,510.8520403545467,445,10.0,Zona Intermedia
,LANCHE,2000.0,0.0,17,0.0,Zona Intermedia
,LARICARO,12000.0,2860.5009585232215,22,0.0,Zona de Riesgo
,LAUREL,3833.333333333333,1694.2833926374199,408,0.0,Zona Intermedia
,LECHUGA,8000.0,5869.688168161031,4942,399.0,Zona Intermedia
,LENGUA DE VACA FORRAJERA,18000.0,6011.8315372294555,110,0.0,Zona de Riesgo
,LENTEJA GRANO SECO,707.6923076923076,423.59435923899935,2925,149.0,Zona Intermedia
,LENTEJA GRANO VERDE,5000.0,1067.1149084923588,108,0.0,Zona Intermedia
,LIMA,6000.0,4028.5971999683707,11996,53.0,Zona Intermedia
,LIMON ACIDO,6500.0,5500.510682354799,26117,119.0,Zona Intermedia
,LIMON DULCE,7500.0,4286.97947895125,3626,58.0,Zona Intermedia
,LIMON RUGOSO,8000.0,3985.9730866352716,5428,0.0,Zona Intermedia
,LINAZA,640.0,451.2964937691681,1150,195.0,Zona Intermedia
,LIRIO,18000.0,0.0,23,0.0,Zona Optima
,LLANTEN,6666.666666666667,337.3738848983155,42,42.0,Zona Intermedia
,LUCUMO,5000.0,3215.3166092042825,12330,109.0,Zona Intermedia
,MACA,4410.0,1391.1357495659568,227,65.0,Zona Intermedia
,MACAMBO,6250.0,1881.318340059174,279,0.0,Zona Intermedia
,MAIZ AMARILLO DURO,3000.0,3026.179133153725,36755,236.0,Zona Intermedia
,MAIZ AMILACEO,1380.0,1238.2633113567892,151010,18091.0,Zona Intermedia
,MAIZ CHALA,37878.78787878788,18094.46173828904,18108,38.0,Zona de Riesgo
,MAIZ CHOCLO,6600.0,4186.227370795043,20998,2619.0,Zona Intermedia
,MAIZ MORADO,4166.666666666667,1984.1656069672076,4648,55.0,Zona Intermedia
,MALVA,1888.8888888888887,58.02588531856604,11,0.0,Zona Intermedia
,MAMEY,7500.0,3003.197222712454,1989,0.0,Zona Intermedia
,MANDARINA,9000.0,8194.455250342891,11618,63.0,Zona Intermedia
,MANGO,8000.0,6052.832408693312,36962,345.0,Zona Intermedia
,MANI PARA FRUTA,4800.0,2392.1955704487436,510,0.0,Zona Intermedia
,MANZANILLA,3571.428571428572,2068.7154896913066,263,0.0,Zona Intermedia
,MANZANO,6000.0,4780.767380638631,29859,893.0,Zona Intermedia
,MARACUYA,8571.428571428572,3635.8938165947006,3700,0.0,Zona Intermedia
,MARAÑON,6000.0,2295.375373792191,409,0.0,Zona Intermedia
,MARGARITA VARA,4000.0,219.1328539563914,18,0.0,Zona Intermedia
,MASHUA,5000.0,2133.6224461509987,7701,1968.0,Zona Intermedia
,MATICO,2000.0,399.83971147422943,157,0.0,Zona Intermedia
,MEJORANA,3000.0,1643.4209977504863,220,0.0,Zona Intermedia
,MELOCOTONERO,5000.0,3138.734617572746,18866,671.0,Zona Intermedia
,MELON,15000.0,4253.650105228521,140,0.0,Zona de Riesgo
,MEMBRILLERO,5000.0,2725.6932217945614,8054,71.0,Zona Intermedia
,MENTA,6000.0,0.0,57,0.0,Zona Intermedia
,MIRTO,15000.0,4166.666666666667,9,0.0,Zona de Riesgo
,MONTECASINO,2700.0,929.9099854969737,59,0.0,Zona Intermedia
,MORERA,4000.0,2052.951982648554,2033,0.0,Zona Intermedia
,MORINGA,4000.0,1388.74700614154,597,0.0,Zona Intermedia
,MOTE MOTE,3750.0,1480.6610762580344,313,23.0,Zona Intermedia
,MUÑA,3030.3030303030305,214.41603898320204,56,0.0,Zona Intermedia
,NABO,4800.0,1141.45869873945,105,0.0,Zona Intermedia
,NARANJO,7000.0,6278.984100146909,37448,191.0,Zona Intermedia
,NISPERO,4500.0,3612.984207459609,11540,16.0,Zona Intermedia
,NOGAL,5000.0,1761.4688296195282,630,0.0,Zona Intermedia
,NONI,5000.0,2411.0805336235985,401,0.0,Zona Intermedia
,NUÑA GRANO SECO,862.5,490.3601478470832,1689,118.0,Zona Intermedia
,OCA,5000.0,2264.372821923203,22305,3833.0,Zona Intermedia
,OLIVO,2500.0,2382.7842504743144,11882,14.0,Zona Intermedia
,OLLUCO,4758.620689655173,2141.1961124059685,20807,3838.0,Zona Intermedia
,OREGANO,2858.333333333333,1710.6154608127256,6263,740.0,Zona Intermedia
,PACAE,6000.0,4235.727959271458,48566,136.0,Zona Intermedia
,PAJURO,5000.0,2123.228709736482,1627,0.0,Zona Intermedia
,PAK CHOY,12000.0,0.0,46,0.0,Zona Optima
,PALILLO,4000.0,1170.0487530470866,71,0.0,Zona Intermedia
,PALLAR GRANO SECO,1666.6666666666667,762.9000865990815,1925,25.0,Zona Intermedia
,PALLAR GRANO VERDE,3000.0,1265.2610172346401,754,30.0,Zona Intermedia
,PALMA ACEITERA,8666.666666666666,2370.298017081224,1941,0.0,Zona Intermedia
,PALMERA DATILERA,5000.0,1623.603235461521,1187,0.0,Zona Intermedia
,PALTO,6216.696269982238,5499.898962808161,76453,1070.0,Zona Intermedia
,PAPA AMARGA,7666.666666666666,3450.2213984294217,4878,1799.0,Zona Intermedia
,PAPA AMARILLA,9166.666666666668,5113.204576849522,13821,3272.0,Zona Intermedia
,PAPA BLANCA,8571.42857142857,5854.954766641081,107560,18866.0,Zona Intermedia
,PAPA COLOR,7200.0,4881.702562850334,13388,2644.0,Zona Intermedia
,PAPA HUAYRO,9100.0,4557.736710750478,10051,1921.0,Zona Intermedia
,PAPA NATIVA,7500.0,3824.2179313339566,73262,19090.0,Zona Intermedia
,PAPAYA,7500.0,5601.361760040561,12954,53.0,Zona Intermedia
,PAPAYUELA,5000.0,1613.2664082955093,332,0.0,Zona Intermedia
,PAPRIKA,4848.484848484849,1361.615901414416,1094,0.0,Zona Intermedia
,PASTO AGASHUL,47272.72727272727,11199.996320092056,181,0.0,Zona de Riesgo
,PASTO ANGLETON,64000.0,16155.772339615703,4400,0.0,Zona de Riesgo
,PASTO BANDERILLA,28000.0,0.0,30,0.0,Zona Optima
,PASTO BERMUDA,30000.0,0.0,10,0.0,Zona Optima
,PASTO BLANCO,18574.29718875502,15696.772908077595,804,0.0,Zona de Riesgo
,PASTO BRAQUIARIA,27500.0,16377.80095802217,12896,8.0,Zona de Riesgo
,PASTO BRIZANTA,27040.229885057477,17569.050424653706,14392,48.0,Zona de Riesgo
,PASTO CAMERUN,30000.0,24549.597296805994,313,0.0,Zona de Riesgo
,PASTO CARRICILLO,40000.0,11196.749274568523,247,0.0,Zona de Riesgo
,PASTO CASTILLA,47000.0,12245.808485076112,73,0.0,Zona de Riesgo
,PASTO CEBADILLA,16000.0,9726.22682760868,371,143.0,Zona de Riesgo
,PASTO CHILENO,37500.0,13098.06969272861,524,0.0,Zona de Riesgo
,PASTO CHILLIGUA,24285.714285714286,3751.0836556017503,137,0.0,Zona de Riesgo
,PASTO COLCHA,25500.0,6691.538592152808,383,0.0,Zona de Riesgo
,PASTO COLONIAL,10000.0,0.0,38,0.0,Zona Intermedia
,PASTO CRESPILLO,40000.0,0.0,73,0.0,Zona Optima
,PASTO CUBA VEINTIDOS,35714.28571428571,15386.332228332447,308,0.0,Zona de Riesgo
,PASTO CUNA DEL NIÑO,110000.0,31196.22020584881,215,0.0,Zona de Riesgo
,PASTO DACTYLIS,21000.0,14858.462783225368,36341,10133.0,Zona de Riesgo
,PASTO ELEFANTE,60000.0,40022.50163486003,8741,18.0,Zona de Riesgo
,PASTO ESTRELLA,18595.04132231405,13699.057674242264,310,0.0,Zona de Riesgo
,PASTO FALARIS,24000.0,15094.451558609784,1461,481.0,Zona de Riesgo
,PASTO FESTUCA,20000.0,11219.314750515765,1033,137.0,Zona de Riesgo
,PASTO GATEADORA,24000.0,16969.1070084212,100,0.0,Zona de Riesgo
,PASTO GENAIRA,106666.66666666669,0.0,5,0.0,Zona Optima
,PASTO GRAMA AZUL,40000.0,17275.908039488157,3534,20.0,Zona de Riesgo
,PASTO GRAMA BLANCA,30000.0,19171.18575588643,1506,55.0,Zona de Riesgo
,PASTO GRAMA CHILENA,50000.0,18424.122716422986,1864,0.0,Zona de Riesgo
,PASTO GRAMA DULCE,28000.0,18055.61600551391,1081,3.0,Zona de Riesgo
,PASTO GRAMA RHODES,35000.0,2374.6630056165664,41,0.0,Zona de Riesgo
,PASTO GRAMA SALADA,34166.66666666667,4256.2826537937435,24,0.0,Zona de Riesgo
,PASTO GRAMALOTE,40000.0,21474.625530951547,3338,8.0,Zona de Riesgo
,PASTO GUATEMALA,80000.0,20718.867629017008,816,0.0,Zona de Riesgo
,PASTO GUINEA,46428.57142857143,14424.817648554308,59,0.0,Zona de Riesgo
,PASTO HUAQUILLO,19500.0,210.01217497174665,33,0.0,Zona Optima
,PASTO KIKUYO,28000.0,14276.18698493505,35290,620.0,Zona de Riesgo
,PASTO KING GRASS,24000.0,12267.806818130337,346,0.0,Zona de Riesgo
,PASTO KUDZU,24000.0,11320.922933551314,105,0.0,Zona de Riesgo
,PASTO MAICILLO,40000.0,16950.73439576751,1742,0.0,Zona de Riesgo
,PASTO MARAFALFA,42666.66666666666,19732.057312550234,1010,18.0,Zona de Riesgo
,PASTO MORADO,40000.0,17903.391949595585,876,0.0,Zona de Riesgo
,PASTO MORROPON,13000.0,0.0,10,0.0,Zona Optima
,PASTO NATURAL MANEJADO,19834.29575696711,13172.835065121499,12130,2452.0,Zona de Riesgo
,PASTO NICARION,32000.0,0.0,13,0.0,Zona Optima
,PASTO NUDILLO,22500.0,13952.715150186645,1604,21.0,Zona de Riesgo
,PASTO OLIVA,25000.0,15059.500578214363,63,0.0,Zona de Riesgo
,PASTO OVILLO,44000.0,15536.88852956625,2688,24.0,Zona de Riesgo
,PASTO PAJA,20000.0,10879.78551244165,304,37.0,Zona de Riesgo
,PASTO PAJA CLASICA,60000.0,9656.266843154392,19,0.0,Zona de Riesgo
,PASTO PAJA DE CORTE,10000.0,11285.761872936695,19,0.0,Zona Intermedia
,PASTO PAJA LIMA,23333.333333333336,5002.373278664622,157,0.0,Zona de Riesgo
,PASTO PAJILLA,23333.333333333336,10787.995496062505,1322,139.0,Zona de Riesgo
,PASTO PARA,24444.444444444445,5524.185164224807,360,118.0,Zona de Riesgo
,PASTO PASPAL,38000.0,0.0,17,0.0,Zona Optima
,PASTO PERECINTA,21000.0,0.0,30,0.0,Zona Optima
,PASTO SETAREA,18888.88888888889,9457.909083287244,1170,14.0,Zona de Riesgo
,PASTO SISO,34000.0,18470.288670528556,205,0.0,Zona de Riesgo
,PASTO SUDAN,30000.0,13804.606780155735,118,0.0,Zona de Riesgo
,PASTO SUNCHO,15463.917525773197,1297.702402851337,19,0.0,Zona de Riesgo
,PASTO TANZANIA,50000.0,17468.151421017956,131,0.0,Zona de Riesgo
,PASTO TIOCINTO,22500.0,6404.344228724748,16,0.0,Zona de Riesgo
,PASTO TORO URCO,14280.778532765173,12046.648462826852,645,0.0,Zona de Riesgo
,PASTO YARAGUA,40000.0,10.777775998067938,132,0.0,Zona Optima
,PASTO ZACATE,29304.029304029304,12726.646607518964,723,0.0,Zona de Riesgo
,PECANO,2857.142857142857,2339.620208350154,3954,0.0,Zona Intermedia
,PECHICHE,3703.703703703704,1587.8275561802604,31,0.0,Zona Intermedia
,PENCA MAGUEY,5000.0,0.0,34,0.0,Zona Intermedia
,PEPINILLO,6666.666666666667,2752.1503919149727,706,0.0,Zona Intermedia
,PEPINO FRUTA,8100.0,3279.6189465334633,560,16.0,Zona Intermedia
,PERAL,5000.0,3193.132873502136,8727,145.0,Zona Intermedia
,PEREJIL,5000.0,4059.0561214669347,1077,94.0,Zona Intermedia
,PIJUAYO FRUTA,6250.0,3350.8832029849186,716,0.0,Zona Intermedia
,PIJUAYO PALMITO,4725.692558392178,3575.8173796511205,268,0.0,Zona Intermedia
,PIMIENTO,8750.0,4071.0163553566217,551,0.0,Zona Intermedia
,PITAHAYA,4000.0,1858.3807432578687,3111,0.0,Zona Intermedia
,PITUCA,7000.0,3195.16879087873,1319,0.0,Zona Intermedia
,PIÑA,7500.0,8373.72308518975,1164,0.0,Zona Intermedia
,PLATANO,7500.0,3792.1811823060425,71126,152.0,Zona Intermedia
,POMARROSA,6000.0,2642.024316976163,1804,0.0,Zona Intermedia
,POMELO,10000.0,5930.561508906541,545,0.0,Zona Intermedia
,PORO,8000.0,3123.8316929939992,593,43.0,Zona Intermedia
,QUINUA,1150.0,873.8929247079776,17891,3011.0,Zona Intermedia
,QUITO QUITO,6000.0,2111.655963714475,45,0.0,Zona Intermedia
,RABANO,8283.333333333334,2767.769866763441,114,0.0,Zona Intermedia
,ROCOTO,7750.0,5664.980925471024,2548,0.0,Zona Intermedia
,ROMERO,5000.0,3050.824907657731,1196,109.0,Zona Intermedia
,ROSA,4000.0,529.5521931349361,94,76.0,Zona Intermedia
,RUDA,6250.0,2774.0012200801407,740,69.0,Zona Intermedia
,RYE AMERICANO,22222.222222222223,4907.237644725139,622,218.0,Zona de Riesgo
,RYE GRASS,28000.0,16208.479918517212,93425,22614.0,Zona de Riesgo
,SABILA,6250.0,2575.7145705185344,203,0.0,Zona Intermedia
,SACHA INCHI,700.0,222.13536227007853,54,0.0,Zona Intermedia
,SACHACULANTRO,5099.999999999999,1019.1889087632543,126,0.0,Zona Intermedia
,SACHAMANGO,2400.0,0.0,15,0.0,Zona Intermedia
,SACHAPAPA,6000.0,339.3182518027009,24,0.0,Zona Intermedia
,SACHATOMATE,3750.0,2870.917506463909,2075,33.0,Zona Intermedia
,SANDIA,22222.222222222223,11134.97871178023,976,0.0,Zona de Riesgo
,SAUCO,3333.333333333333,2195.3597499886705,1198,29.0,Zona Intermedia
,SHAPAJA,6000.0,1367.420126903154,113,0.0,Zona Intermedia
,SHICASHICA,600.0,2172.819103639982,21,0.0,Zona Intermedia
,SORGO ESCOBERO,10000.0,2367.5247490101933,164,0.0,Zona Intermedia
,SORGO FORRAJERO,20000.0,11575.606568488296,930,0.0,Zona de Riesgo
,SOYA,1308.0,1113.058175623656,60,0.0,Zona Intermedia
,TAMARINDO,7000.0,3417.7329318256016,1676,0.0,Zona Intermedia
,TANGELO,6600.0,2881.8018032263312,1277,26.0,Zona Intermedia
,TANGERINA,14666.666666666668,8305.641467963329,598,0.0,Zona de Riesgo
,TAPERIBA,6750.0,2405.8363600217212,711,0.0,Zona Intermedia
,TARA,3216.3742690058475,3077.872591961252,24248,62.0,Zona Intermedia
,TARHUI GRANO SECO,920.0,455.2377929134369,8678,1730.0,Zona Intermedia
,TARHUI GRANO VERDE,3000.0,939.5107730497798,99,26.0,Zona Intermedia
,TOMATE,23550.0,12034.938915164475,2495,20.0,Zona de Riesgo
,TOMILLO,3636.363636363637,170.4738675705492,54,0.0,Zona Intermedia
,TORONJA,9375.0,4502.545757477309,2091,0.0,Zona Intermedia
,TORONJIL,2500.0,641.2040092832656,378,19.0,Zona Intermedia
,TREBOL,15000.0,13015.061717705752,49849,11325.0,Zona de Riesgo
,TRIGO,932.4324324324324,582.2903251509538,45326,3342.0,Zona Intermedia
,TUMBO,5000.0,3977.6142501101995,2341,116.0,Zona Intermedia
,TUNA FRUTA,4000.0,2516.5790260225026,30697,788.0,Zona Intermedia
,UNCUCHA,6720.0,2287.573166738941,79,0.0,Zona Intermedia
,UNGURAHUI,5000.0,0.0,14,0.0,Zona Intermedia
,UVILLA,5000.0,2971.2519911751374,321,0.0,Zona Intermedia
,UVOS,2000.0,1563.5121156379332,52,0.0,Zona Intermedia
,VAINILLA,1250.0,22.488822255440194,30,0.0,Zona Intermedia
,VAINITA,7058.823529411765,2977.214392250516,1750,0.0,Zona Intermedia
,VALERIANA,3750.0,0.0,49,0.0,Zona Intermedia
,VICIA FORRAJERA,32000.0,0.0,62,0.0,Zona Optima
,VICIA GRANO SECO,2550.0,688.8584963681184,41,0.0,Zona Intermedia
,VICIA GRANO VERDE,4201.680672268908,294.23251458046553,71,0.0,Zona Intermedia
,VID,6666.666666666666,5825.014183559783,13809,14.0,Zona Intermedia
,YACON,6000.0,1998.1991146526232,147,0.0,Zona Intermedia
,YUCA,7500.0,5110.92709083973,14666,0.0,Zona Intermedia
,ZANAHORIA,12500.0,10292.317828021809,4155,353.0,Zona de Riesgo
,ZAPALLO,17991.63179916318,9040.73624976221,3926,63.0,Zona de Riesgo
,ZAPALLO ITALIANO,11600.0,4153.316613811095,199,0.0,Zona de Riesgo
,ZAPOTE,10000.0,5221.291663350545,2141,0.0,Zona Intermedia
,ZARANDAJA GRANO SECO,1250.0,507.8369553213341,584,0.0,Zona Intermedia
,ZARANDAJA GRANO VERDE,4000.0,1575.4726772589738,681,0.0,Zona Intermedia
,ZARZAMORA,5000.0,2919.5642458056836,714,12.0,Zona Intermedia
